NAME,T,E,MMIP,MSLOT,UMIP,USLOT,S,M,,,,
xc7s25 t06 e001 r0.1 R0.5 d10.0 D50.0 s034,6,7,80.844797,80.844797,27791,11000,false,true,,,,
xc7s25 t06 e001 r0.1 R0.5 d10.0 D50.0 s035,6,7,64.823659,64.823659,17438,11000,true,true,,,,
xc7s25 t06 e001 r0.1 R0.5 d10.0 D50.0 s043,6,7,60.580379,60.58038,10231,10000,true,true,,,,
xc7s25 t06 e001 r0.1 R0.5 d10.0 D50.0 s042,6,7,78.246091,78.246091,21971,11000,true,true,,,,
xc7s25 t06 e001 r0.1 R0.5 d10.0 D50.0 s098,6,7,56.790164,56.790164,16116,10000,true,true,,,,
xc7s25 t06 e001 r0.1 R0.5 d10.0 D50.0 s099,6,7,70.641844,70.641844,17665,11000,true,true,,,,
xc7s25 t06 e001 r0.1 R0.5 d10.0 D50.0 s077,6,7,42.525405,42.525405,27861,11000,false,true,,,,
xc7s25 t06 e001 r0.1 R0.5 d10.0 D50.0 s076,6,7,53.217534,53.217534,17584,11000,true,true,,,,
xc7s25 t06 e001 r0.1 R0.5 d10.0 D50.0 s001,6,7,56.142553,56.142553,5827,12000,true,true,,,,
xc7s25 t06 e001 r0.1 R0.5 d10.0 D50.0 s092,6,7,60.808925,60.808925,22906,12000,true,true,,,,
xc7s25 t06 e001 r0.1 R0.5 d10.0 D50.0 s093,6,7,59.285783,59.285783,5650,11000,true,true,,,,
xc7s25 t06 e001 r0.1 R0.5 d10.0 D50.0 s049,6,7,85.711314,85.711314,18193,11000,true,true,,,,
xc7s25 t06 e001 r0.1 R0.5 d10.0 D50.0 s048,6,7,60.720017,60.720018,26997,11000,true,true,,,,
xc7s25 t06 e001 r0.1 R0.5 d10.0 D50.0 s023,6,7,87.996632,87.996632,17090,13000,true,true,,,,
xc7s25 t06 e001 r0.1 R0.5 d10.0 D50.0 s022,6,7,71.902575,71.902574,17014,11000,true,true,,,,
xc7s25 t06 e001 r0.1 R0.5 d10.0 D50.0 s054,6,7,41.762982,41.762982,22860,11000,true,true,,,,
xc7s25 t06 e001 r0.1 R0.5 d10.0 D50.0 s055,6,7,82.837881,82.837882,22550,11000,true,true,,,,
xc7s25 t06 e001 r0.1 R0.5 d10.0 D50.0 s060,6,7,88.929712,88.929712,25026,10000,true,true,,,,
xc7s25 t06 e001 r0.1 R0.5 d10.0 D50.0 s061,6,7,88.582252,88.582252,15611,11000,true,true,,,,
xc7s25 t06 e001 r0.1 R0.5 d10.0 D50.0 s029,6,7,53.423248,53.423248,17131,11000,true,true,,,,
xc7s25 t06 e001 r0.1 R0.5 d10.0 D50.0 s028,6,7,70.948342,70.948342,24776,11000,false,true,,,,
xc7s25 t06 e001 r0.1 R0.5 d10.0 D50.0 s085,6,7,54.651281,54.651281,10056,11000,true,true,,,,
xc7s25 t06 e001 r0.1 R0.5 d10.0 D50.0 s084,6,7,81.755263,81.755263,19742,11000,true,true,,,,
xc7s25 t06 e001 r0.1 R0.5 d10.0 D50.0 s017,6,7,63.932244,63.932244,10256,11000,true,true,,,,
xc7s25 t06 e001 r0.1 R0.5 d10.0 D50.0 s016,6,7,74.19263,74.192631,18410,10000,true,true,,,,
xc7s25 t06 e001 r0.1 R0.5 d10.0 D50.0 s024,6,7,69.104285,69.104285,26961,11000,true,true,,,,
xc7s25 t06 e001 r0.1 R0.5 d10.0 D50.0 s025,6,7,78.139072,78.139072,26694,11000,false,true,,,,
xc7s25 t06 e001 r0.1 R0.5 d10.0 D50.0 s088,6,7,54.128473,54.128472,18332,11000,true,true,,,,
xc7s25 t06 e001 r0.1 R0.5 d10.0 D50.0 s089,6,7,62.952621,62.952621,22596,13000,true,true,,,,
xc7s25 t06 e001 r0.1 R0.5 d10.0 D50.0 s053,6,7,57.462382,57.462383,20567,12000,true,true,,,,
xc7s25 t06 e001 r0.1 R0.5 d10.0 D50.0 s052,6,7,57.108879,57.108879,17279,12000,true,true,,,,
xc7s25 t06 e001 r0.1 R0.5 d10.0 D50.0 s067,6,7,55.910678,55.910678,18529,12000,true,true,,,,
xc7s25 t06 e001 r0.1 R0.5 d10.0 D50.0 s066,6,7,64.257532,64.257533,24603,12000,true,true,,,,
xc7s25 t06 e001 r0.1 R0.5 d10.0 D50.0 s059,6,7,69.716099,69.716099,18753,11000,false,true,,,,
xc7s25 t06 e001 r0.1 R0.5 d10.0 D50.0 s058,6,7,55.368704,55.368704,9526,11000,true,true,,,,
xc7s25 t06 e001 r0.1 R0.5 d10.0 D50.0 s010,6,7,79.957908,79.957908,5016,12000,false,true,,,,
xc7s25 t06 e001 r0.1 R0.5 d10.0 D50.0 s011,6,7,53.906415,53.906414,1542,10000,true,true,,,,
xc7s25 t06 e001 r0.1 R0.5 d10.0 D50.0 s082,6,7,59.666277,59.666277,30504,12000,true,true,,,,
xc7s25 t06 e001 r0.1 R0.5 d10.0 D50.0 s083,6,7,79.712182,79.712182,11758,10000,true,true,,,,
xc7s25 t06 e001 r0.1 R0.5 d10.0 D50.0 s033,6,7,69.634072,69.634071,18420,11000,true,true,,,,
xc7s25 t06 e001 r0.1 R0.5 d10.0 D50.0 s032,6,7,59.944534,59.944534,25929,11000,true,true,,,,
xc7s25 t06 e001 r0.1 R0.5 d10.0 D50.0 s044,6,7,89.105702,89.105702,30967,11000,false,true,,,,
xc7s25 t06 e001 r0.1 R0.5 d10.0 D50.0 s045,6,7,69.830206,69.830206,20633,13000,false,true,,,,
xc7s25 t06 e001 r0.1 R0.5 d10.0 D50.0 s039,6,7,66.390657,66.390657,11549,11000,true,true,,,,
xc7s25 t06 e001 r0.1 R0.5 d10.0 D50.0 s038,6,7,83.871672,83.871672,18132,11000,false,true,,,,
xc7s25 t06 e001 r0.1 R0.5 d10.0 D50.0 s070,6,7,64.252461,64.252461,12281,11000,true,true,,,,
xc7s25 t06 e001 r0.1 R0.5 d10.0 D50.0 s071,6,7,64.962272,64.962273,35360,12000,true,true,,,,
xc7s25 t06 e001 r0.1 R0.5 d10.0 D50.0 s095,6,7,72.16563,72.165631,20146,10000,true,true,,,,
xc7s25 t06 e001 r0.1 R0.5 d10.0 D50.0 s094,6,7,59.926856,59.926855,27819,10000,true,true,,,,
xc7s25 t06 e001 r0.1 R0.5 d10.0 D50.0 s007,6,7,44.007118,44.007119,6237,11000,true,true,,,,
xc7s25 t06 e001 r0.1 R0.5 d10.0 D50.0 s006,6,7,61.4651,61.4651,4291,11000,true,true,,,,
xc7s25 t06 e001 r0.1 R0.5 d10.0 D50.0 s063,6,7,70.971602,70.971602,22876,11000,true,true,,,,
xc7s25 t06 e001 r0.1 R0.5 d10.0 D50.0 s062,6,7,76.080922,76.080922,21237,12000,true,true,,,,
xc7s25 t06 e001 r0.1 R0.5 d10.0 D50.0 s086,6,7,72.695978,72.695979,11277,11000,true,true,,,,
xc7s25 t06 e001 r0.1 R0.5 d10.0 D50.0 s087,6,7,39.925331,39.925331,17105,11000,true,true,,,,
xc7s25 t06 e001 r0.1 R0.5 d10.0 D50.0 s014,6,7,60.258147,60.258147,24868,11000,false,true,,,,
xc7s25 t06 e001 r0.1 R0.5 d10.0 D50.0 s015,6,7,75.641582,75.641583,19201,11000,true,true,,,,
xc7s25 t06 e001 r0.1 R0.5 d10.0 D50.0 s020,6,7,71.452903,71.452903,25482,10000,true,true,,,,
xc7s25 t06 e001 r0.1 R0.5 d10.0 D50.0 s021,6,7,76.695536,76.695536,14138,11000,true,true,,,,
xc7s25 t06 e001 r0.1 R0.5 d10.0 D50.0 s069,6,7,43.540105,43.540105,32844,12000,true,true,,,,
xc7s25 t06 e001 r0.1 R0.5 d10.0 D50.0 s068,6,7,60.051618,60.051618,14890,11000,false,true,,,,
xc7s25 t06 e001 r0.1 R0.5 d10.0 D50.0 s057,6,7,48.588278,48.588278,18468,11000,true,true,,,,
xc7s25 t06 e001 r0.1 R0.5 d10.0 D50.0 s056,6,7,79.646118,79.646118,14966,10000,false,true,,,,
xc7s25 t06 e001 r0.1 R0.5 d10.0 D50.0 s074,6,7,76.978546,76.978546,30344,11000,true,true,,,,
xc7s25 t06 e001 r0.1 R0.5 d10.0 D50.0 s075,6,7,56.233237,56.233238,22970,10000,false,true,,,,
xc7s25 t06 e001 r0.1 R0.5 d10.0 D50.0 s003,6,7,78.813583,78.813582,5605,11000,false,true,,,,
xc7s25 t06 e001 r0.1 R0.5 d10.0 D50.0 s002,6,7,67.85325,67.85325,6676,11000,true,true,,,,
xc7s25 t06 e001 r0.1 R0.5 d10.0 D50.0 s091,6,7,62.010701,62.010701,18692,12000,true,true,,,,
xc7s25 t06 e001 r0.1 R0.5 d10.0 D50.0 s090,6,7,73.867748,73.867748,19950,12000,true,true,,,,
xc7s25 t06 e001 r0.1 R0.5 d10.0 D50.0 s037,6,7,75.796925,75.796924,26072,14000,false,true,,,,
xc7s25 t06 e001 r0.1 R0.5 d10.0 D50.0 s036,6,7,76.117603,76.117603,27040,11000,true,true,,,,
xc7s25 t06 e001 r0.1 R0.5 d10.0 D50.0 s040,6,7,54.737879,54.73788,5023,11000,true,true,,,,
xc7s25 t06 e001 r0.1 R0.5 d10.0 D50.0 s041,6,7,67.02413,67.02413,21663,13000,true,true,,,,
xc7s25 t06 e001 r0.1 R0.5 d10.0 D50.0 s100,6,7,74.837993,74.837992,24311,13000,false,true,,,,
xc7s25 t06 e001 r0.1 R0.5 d10.0 D50.0 s009,6,7,82.612886,82.612886,3928,14000,true,true,,,,
xc7s25 t06 e001 r0.1 R0.5 d10.0 D50.0 s008,6,7,86.599746,86.599746,5744,11000,true,true,,,,
xc7s25 t06 e001 r0.1 R0.5 d10.0 D50.0 s073,6,7,60.455352,60.455352,18075,11000,true,true,,,,
xc7s25 t06 e001 r0.1 R0.5 d10.0 D50.0 s072,6,7,95.730542,95.730541,21202,11000,true,true,,,,
xc7s25 t06 e001 r0.1 R0.5 d10.0 D50.0 s096,6,7,41.484038,41.484038,12495,11000,true,true,,,,
xc7s25 t06 e001 r0.1 R0.5 d10.0 D50.0 s097,6,7,38.482678,38.482678,14794,12000,true,true,,,,
xc7s25 t06 e001 r0.1 R0.5 d10.0 D50.0 s004,6,7,91.939718,91.939719,3030,12000,false,true,,,,
xc7s25 t06 e001 r0.1 R0.5 d10.0 D50.0 s005,6,7,62.017777,62.017777,4029,11000,true,true,,,,
xc7s25 t06 e001 r0.1 R0.5 d10.0 D50.0 s079,6,7,52.852716,52.852716,13998,12000,true,true,,,,
xc7s25 t06 e001 r0.1 R0.5 d10.0 D50.0 s078,6,7,37.413736,37.413736,16669,11000,true,true,,,,
xc7s25 t06 e001 r0.1 R0.5 d10.0 D50.0 s030,6,7,45.792859,45.792859,19272,11000,true,true,,,,
xc7s25 t06 e001 r0.1 R0.5 d10.0 D50.0 s031,6,7,77.434151,77.434151,18909,12000,true,true,,,,
xc7s25 t06 e001 r0.1 R0.5 d10.0 D50.0 s047,6,7,73.306318,73.306318,17586,11000,false,true,,,,
xc7s25 t06 e001 r0.1 R0.5 d10.0 D50.0 s046,6,7,81.825287,81.825287,15942,12000,true,true,,,,
xc7s25 t06 e001 r0.1 R0.5 d10.0 D50.0 s064,6,7,67.865623,67.865623,34337,12000,false,true,,,,
xc7s25 t06 e001 r0.1 R0.5 d10.0 D50.0 s065,6,7,78.034469,78.03447,25221,15000,true,true,,,,
xc7s25 t06 e001 r0.1 R0.5 d10.0 D50.0 s013,6,7,63.682337,63.682337,19168,11000,true,true,,,,
xc7s25 t06 e001 r0.1 R0.5 d10.0 D50.0 s012,6,7,52.991866,52.991865,10948,12000,true,true,,,,
xc7s25 t06 e001 r0.1 R0.5 d10.0 D50.0 s081,6,7,74.409847,74.409847,21970,11000,true,true,,,,
xc7s25 t06 e001 r0.1 R0.5 d10.0 D50.0 s080,6,7,88.462717,88.462717,11288,12000,true,true,,,,
xc7s25 t06 e001 r0.1 R0.5 d10.0 D50.0 s027,6,7,73.561918,73.561918,22504,11000,true,true,,,,
xc7s25 t06 e001 r0.1 R0.5 d10.0 D50.0 s026,6,7,84.939289,84.939289,37953,11000,true,true,,,,
xc7s25 t06 e001 r0.1 R0.5 d10.0 D50.0 s019,6,7,90.703149,90.70315,20189,13000,true,true,,,,
xc7s25 t06 e001 r0.1 R0.5 d10.0 D50.0 s018,6,7,82.299718,82.299718,12114,11000,true,true,,,,
xc7s25 t06 e001 r0.1 R0.5 d10.0 D50.0 s050,6,7,80.12675,80.12675,51269,12000,true,true,,,,
xc7s25 t06 e001 r0.1 R0.5 d10.0 D50.0 s051,6,7,65.024175,65.024175,14210,11000,true,true,,,,
xc7s25 t06 e006 r0.1 R0.5 d10.0 D50.0 s034,6,8,134.830029,134.830029,2712,13000,true,true,,,,
xc7s25 t06 e006 r0.1 R0.5 d10.0 D50.0 s035,6,8,105.884545,105.884545,1687,12000,true,true,,,,
xc7s25 t06 e006 r0.1 R0.5 d10.0 D50.0 s043,6,8,106.861026,106.861026,2159,12000,false,true,,,,
xc7s25 t06 e006 r0.1 R0.5 d10.0 D50.0 s042,6,8,148.131668,148.131669,1752,12000,true,true,,,,
xc7s25 t06 e006 r0.1 R0.5 d10.0 D50.0 s098,6,8,103.649375,103.649375,2836,11000,false,true,,,,
xc7s25 t06 e006 r0.1 R0.5 d10.0 D50.0 s099,6,8,119.099862,119.099862,2105,12000,true,true,,,,
xc7s25 t06 e006 r0.1 R0.5 d10.0 D50.0 s077,6,8,76.249101,76.249101,2118,12000,true,true,,,,
xc7s25 t06 e006 r0.1 R0.5 d10.0 D50.0 s076,6,8,121.166311,121.166311,4004,12000,false,true,,,,
xc7s25 t06 e006 r0.1 R0.5 d10.0 D50.0 s001,6,8,110.819269,110.819269,11849,12000,false,true,,,,
xc7s25 t06 e006 r0.1 R0.5 d10.0 D50.0 s092,6,8,106.186916,106.186916,2851,13000,true,true,,,,
xc7s25 t06 e006 r0.1 R0.5 d10.0 D50.0 s093,6,8,151.738861,151.738861,3250,12000,true,true,,,,
xc7s25 t06 e006 r0.1 R0.5 d10.0 D50.0 s049,6,8,156.847417,156.847417,2330,12000,true,true,,,,
xc7s25 t06 e006 r0.1 R0.5 d10.0 D50.0 s048,6,8,89.096032,89.096033,2238,13000,true,true,,,,
xc7s25 t06 e006 r0.1 R0.5 d10.0 D50.0 s023,6,8,141.866449,141.866449,2628,12000,true,true,,,,
xc7s25 t06 e006 r0.1 R0.5 d10.0 D50.0 s022,6,8,125.493233,125.493232,2803,11000,false,true,,,,
xc7s25 t06 e006 r0.1 R0.5 d10.0 D50.0 s054,6,8,77.682309,77.68231,3222,11000,true,true,,,,
xc7s25 t06 e006 r0.1 R0.5 d10.0 D50.0 s055,6,8,142.207386,142.207387,2528,12000,true,true,,,,
xc7s25 t06 e006 r0.1 R0.5 d10.0 D50.0 s060,6,8,157.386105,157.386105,3388,12000,false,true,,,,
xc7s25 t06 e006 r0.1 R0.5 d10.0 D50.0 s061,6,8,147.9576,147.9576,2585,11000,false,true,,,,
xc7s25 t06 e006 r0.1 R0.5 d10.0 D50.0 s029,6,8,86.57498,86.57498,2063,11000,true,true,,,,
xc7s25 t06 e006 r0.1 R0.5 d10.0 D50.0 s028,6,8,129.778801,129.778801,3129,12000,true,true,,,,
xc7s25 t06 e006 r0.1 R0.5 d10.0 D50.0 s085,6,8,85.631034,85.631035,3331,12000,true,true,,,,
xc7s25 t06 e006 r0.1 R0.5 d10.0 D50.0 s084,6,8,144.832562,144.832562,3052,12000,false,true,,,,
xc7s25 t06 e006 r0.1 R0.5 d10.0 D50.0 s017,6,8,101.825559,101.82556,2392,12000,true,true,,,,
xc7s25 t06 e006 r0.1 R0.5 d10.0 D50.0 s016,6,8,130.640039,130.640039,3571,12000,true,true,,,,
xc7s25 t06 e006 r0.1 R0.5 d10.0 D50.0 s024,6,8,100.145874,100.145875,1367,13000,true,true,,,,
xc7s25 t06 e006 r0.1 R0.5 d10.0 D50.0 s025,6,8,127.673237,127.673237,2949,12000,true,true,,,,
xc7s25 t06 e006 r0.1 R0.5 d10.0 D50.0 s088,6,8,102.792596,102.792596,3074,12000,false,true,,,,
xc7s25 t06 e006 r0.1 R0.5 d10.0 D50.0 s089,6,8,112.228296,112.228297,1921,11000,true,true,,,,
xc7s25 t06 e006 r0.1 R0.5 d10.0 D50.0 s053,6,8,118.810193,118.810194,1752,12000,false,true,,,,
xc7s25 t06 e006 r0.1 R0.5 d10.0 D50.0 s052,6,8,89.603469,89.603469,2580,12000,true,true,,,,
xc7s25 t06 e006 r0.1 R0.5 d10.0 D50.0 s067,6,8,94.877229,94.877229,3532,12000,true,true,,,,
xc7s25 t06 e006 r0.1 R0.5 d10.0 D50.0 s066,6,8,90.224673,90.224674,2351,13000,true,true,,,,
xc7s25 t06 e006 r0.1 R0.5 d10.0 D50.0 s059,6,8,128.792762,128.792762,2223,12000,true,true,,,,
xc7s25 t06 e006 r0.1 R0.5 d10.0 D50.0 s058,6,8,104.831303,104.831303,2414,13000,false,true,,,,
xc7s25 t06 e006 r0.1 R0.5 d10.0 D50.0 s010,6,8,119.716854,119.716854,3957,12000,true,true,,,,
xc7s25 t06 e006 r0.1 R0.5 d10.0 D50.0 s011,6,8,112.581291,112.581291,1022,12000,true,true,,,,
xc7s25 t06 e006 r0.1 R0.5 d10.0 D50.0 s082,6,8,104.066189,104.066189,2631,12000,true,true,,,,
xc7s25 t06 e006 r0.1 R0.5 d10.0 D50.0 s083,6,8,158.499616,158.499617,2685,11000,true,true,,,,
xc7s25 t06 e006 r0.1 R0.5 d10.0 D50.0 s033,6,8,134.570018,134.570017,2802,13000,true,true,,,,
xc7s25 t06 e006 r0.1 R0.5 d10.0 D50.0 s032,6,8,100.833109,100.83311,2432,13000,true,true,,,,
xc7s25 t06 e006 r0.1 R0.5 d10.0 D50.0 s044,6,8,137.532394,137.532394,2609,12000,true,true,,,,
xc7s25 t06 e006 r0.1 R0.5 d10.0 D50.0 s045,6,8,118.103805,118.103804,2770,12000,true,true,,,,
xc7s25 t06 e006 r0.1 R0.5 d10.0 D50.0 s039,6,8,113.705718,113.705718,2025,11000,false,true,,,,
xc7s25 t06 e006 r0.1 R0.5 d10.0 D50.0 s038,6,8,133.876819,133.87682,2943,12000,true,true,,,,
xc7s25 t06 e006 r0.1 R0.5 d10.0 D50.0 s070,6,8,124.35084,124.35084,2573,12000,true,true,,,,
xc7s25 t06 e006 r0.1 R0.5 d10.0 D50.0 s071,6,8,109.3785,109.378501,2580,12000,true,true,,,,
xc7s25 t06 e006 r0.1 R0.5 d10.0 D50.0 s095,6,8,112.079275,112.079275,4116,13000,true,true,,,,
xc7s25 t06 e006 r0.1 R0.5 d10.0 D50.0 s094,6,8,106.539539,106.539538,2257,12000,false,true,,,,
xc7s25 t06 e006 r0.1 R0.5 d10.0 D50.0 s007,6,8,81.091745,81.091746,2203,12000,true,true,,,,
xc7s25 t06 e006 r0.1 R0.5 d10.0 D50.0 s006,6,8,132.880014,132.880014,2562,11000,true,true,,,,
xc7s25 t06 e006 r0.1 R0.5 d10.0 D50.0 s063,6,8,124.994421,124.994421,2024,12000,true,true,,,,
xc7s25 t06 e006 r0.1 R0.5 d10.0 D50.0 s062,6,8,127.162489,127.162489,2817,12000,true,true,,,,
xc7s25 t06 e006 r0.1 R0.5 d10.0 D50.0 s086,6,8,128.18674,128.18674,2479,12000,true,true,,,,
xc7s25 t06 e006 r0.1 R0.5 d10.0 D50.0 s087,6,8,88.146161,88.146161,2754,11000,true,true,,,,
xc7s25 t06 e006 r0.1 R0.5 d10.0 D50.0 s014,6,8,84.499048,84.499048,3287,12000,true,true,,,,
xc7s25 t06 e006 r0.1 R0.5 d10.0 D50.0 s015,6,8,145.568382,145.568383,2146,11000,true,true,,,,
xc7s25 t06 e006 r0.1 R0.5 d10.0 D50.0 s020,6,8,118.590096,118.590096,1798,12000,true,true,,,,
xc7s25 t06 e006 r0.1 R0.5 d10.0 D50.0 s021,6,8,133.480268,133.480268,2993,12000,true,true,,,,
xc7s25 t06 e006 r0.1 R0.5 d10.0 D50.0 s069,6,8,70.265206,70.265205,2513,12000,true,true,,,,
xc7s25 t06 e006 r0.1 R0.5 d10.0 D50.0 s068,6,8,88.070689,88.070689,2007,12000,true,true,,,,
xc7s25 t06 e006 r0.1 R0.5 d10.0 D50.0 s057,6,8,72.135212,72.135211,2435,11000,false,true,,,,
xc7s25 t06 e006 r0.1 R0.5 d10.0 D50.0 s056,6,8,150.890205,150.890205,3112,12000,true,true,,,,
xc7s25 t06 e006 r0.1 R0.5 d10.0 D50.0 s074,6,8,141.843572,141.843573,2668,12000,true,true,,,,
xc7s25 t06 e006 r0.1 R0.5 d10.0 D50.0 s075,6,8,104.265225,104.265226,4182,12000,true,true,,,,
xc7s25 t06 e006 r0.1 R0.5 d10.0 D50.0 s003,6,8,126.663234,126.663233,2289,12000,true,true,,,,
xc7s25 t06 e006 r0.1 R0.5 d10.0 D50.0 s002,6,8,127.198901,127.198901,8652,12000,true,true,,,,
xc7s25 t06 e006 r0.1 R0.5 d10.0 D50.0 s091,6,8,110.175519,110.175519,3698,12000,true,true,,,,
xc7s25 t06 e006 r0.1 R0.5 d10.0 D50.0 s090,6,8,126.501506,126.501506,2328,12000,true,true,,,,
xc7s25 t06 e006 r0.1 R0.5 d10.0 D50.0 s037,6,8,118.669678,118.669678,2819,12000,true,true,,,,
xc7s25 t06 e006 r0.1 R0.5 d10.0 D50.0 s036,6,8,115.663892,115.663892,2125,12000,true,true,,,,
xc7s25 t06 e006 r0.1 R0.5 d10.0 D50.0 s040,6,8,114.731179,114.731179,2042,12000,true,true,,,,
xc7s25 t06 e006 r0.1 R0.5 d10.0 D50.0 s041,6,8,117.176661,117.176661,3716,12000,true,true,,,,
xc7s25 t06 e006 r0.1 R0.5 d10.0 D50.0 s100,6,8,125.310453,125.310452,2771,12000,true,true,,,,
xc7s25 t06 e006 r0.1 R0.5 d10.0 D50.0 s009,6,8,146.591356,146.591356,2501,13000,true,true,,,,
xc7s25 t06 e006 r0.1 R0.5 d10.0 D50.0 s008,6,8,160.021715,160.021715,1681,12000,true,true,,,,
xc7s25 t06 e006 r0.1 R0.5 d10.0 D50.0 s073,6,8,134.74757,134.74757,2997,12000,true,true,,,,
xc7s25 t06 e006 r0.1 R0.5 d10.0 D50.0 s072,6,8,153.33218,153.33218,2925,12000,true,true,,,,
xc7s25 t06 e006 r0.1 R0.5 d10.0 D50.0 s096,6,8,76.524622,76.524622,2223,12000,true,true,,,,
xc7s25 t06 e006 r0.1 R0.5 d10.0 D50.0 s097,6,8,72.577096,72.577096,2941,12000,true,true,,,,
xc7s25 t06 e006 r0.1 R0.5 d10.0 D50.0 s004,6,8,170.691321,170.691322,3717,12000,true,true,,,,
xc7s25 t06 e006 r0.1 R0.5 d10.0 D50.0 s005,6,8,119.892966,119.892966,3621,12000,false,true,,,,
xc7s25 t06 e006 r0.1 R0.5 d10.0 D50.0 s079,6,8,100.629971,100.629972,2470,12000,true,true,,,,
xc7s25 t06 e006 r0.1 R0.5 d10.0 D50.0 s078,6,8,84.617657,84.617658,2313,13000,false,true,,,,
xc7s25 t06 e006 r0.1 R0.5 d10.0 D50.0 s030,6,8,83.428844,83.428843,2389,12000,true,true,,,,
xc7s25 t06 e006 r0.1 R0.5 d10.0 D50.0 s031,6,8,150.785786,150.785787,2790,13000,false,true,,,,
xc7s25 t06 e006 r0.1 R0.5 d10.0 D50.0 s047,6,8,129.951764,129.951764,2336,11000,false,true,,,,
xc7s25 t06 e006 r0.1 R0.5 d10.0 D50.0 s046,6,8,144.187296,144.187296,1673,12000,true,true,,,,
xc7s25 t06 e006 r0.1 R0.5 d10.0 D50.0 s064,6,8,96.984323,96.984323,2528,12000,true,true,,,,
xc7s25 t06 e006 r0.1 R0.5 d10.0 D50.0 s065,6,8,117.086243,117.086244,2367,12000,true,true,,,,
xc7s25 t06 e006 r0.1 R0.5 d10.0 D50.0 s013,6,8,116.653018,116.653017,3042,12000,true,true,,,,
xc7s25 t06 e006 r0.1 R0.5 d10.0 D50.0 s012,6,8,97.34299,97.342989,2117,12000,true,true,,,,
xc7s25 t06 e006 r0.1 R0.5 d10.0 D50.0 s081,6,8,117.727989,117.727989,2027,12000,true,true,,,,
xc7s25 t06 e006 r0.1 R0.5 d10.0 D50.0 s080,6,8,147.612795,147.612795,2587,11000,false,true,,,,
xc7s25 t06 e006 r0.1 R0.5 d10.0 D50.0 s027,6,8,129.286416,129.286416,2555,11000,true,true,,,,
xc7s25 t06 e006 r0.1 R0.5 d10.0 D50.0 s026,6,8,134.26917,134.26917,2398,12000,false,true,,,,
xc7s25 t06 e006 r0.1 R0.5 d10.0 D50.0 s019,6,8,165.732613,165.732613,1875,11000,true,true,,,,
xc7s25 t06 e006 r0.1 R0.5 d10.0 D50.0 s018,6,8,116.844767,116.844766,2728,11000,false,true,,,,
xc7s25 t06 e006 r0.1 R0.5 d10.0 D50.0 s050,6,8,112.127547,112.127547,2622,15000,true,true,,,,
xc7s25 t06 e006 r0.1 R0.5 d10.0 D50.0 s051,6,8,145.279154,145.279155,2293,12000,false,true,,,,
xc7s25 t06 e000 r0.1 R0.5 d10.0 D50.0 s034,6,8,76.190508,76.190508,11997,11000,true,true,,,,
xc7s25 t06 e000 r0.1 R0.5 d10.0 D50.0 s035,6,8,62.905368,62.905368,5613,12000,true,true,,,,
xc7s25 t06 e000 r0.1 R0.5 d10.0 D50.0 s043,6,8,60.580379,60.58038,4093,11000,true,true,,,,
xc7s25 t06 e000 r0.1 R0.5 d10.0 D50.0 s042,6,8,78.246091,78.246091,5923,11000,false,true,,,,
xc7s25 t06 e000 r0.1 R0.5 d10.0 D50.0 s098,6,8,53.937687,53.937687,8889,12000,false,true,,,,
xc7s25 t06 e000 r0.1 R0.5 d10.0 D50.0 s099,6,8,70.641844,70.641844,7763,10000,false,true,,,,
xc7s25 t06 e000 r0.1 R0.5 d10.0 D50.0 s077,6,8,40.875469,40.875469,6870,13000,true,true,,,,
xc7s25 t06 e000 r0.1 R0.5 d10.0 D50.0 s076,6,8,53.217534,53.217534,8452,13000,false,true,,,,
xc7s25 t06 e000 r0.1 R0.5 d10.0 D50.0 s001,6,8,56.142553,56.142553,3690,12000,false,true,,,,
xc7s25 t06 e000 r0.1 R0.5 d10.0 D50.0 s092,6,8,60.808925,60.808925,5443,11000,false,true,,,,
xc7s25 t06 e000 r0.1 R0.5 d10.0 D50.0 s093,6,8,49.127058,49.127058,2838,14000,true,true,,,,
xc7s25 t06 e000 r0.1 R0.5 d10.0 D50.0 s049,6,8,85.711314,85.711314,7475,15000,false,true,,,,
xc7s25 t06 e000 r0.1 R0.5 d10.0 D50.0 s048,6,8,60.720017,60.720018,8413,12000,true,true,,,,
xc7s25 t06 e000 r0.1 R0.5 d10.0 D50.0 s023,6,8,87.996632,87.996632,4997,12000,true,true,,,,
xc7s25 t06 e000 r0.1 R0.5 d10.0 D50.0 s022,6,8,71.902575,71.902574,5715,12000,false,true,,,,
xc7s25 t06 e000 r0.1 R0.5 d10.0 D50.0 s054,6,8,41.762982,41.762982,5839,11000,true,true,,,,
xc7s25 t06 e000 r0.1 R0.5 d10.0 D50.0 s055,6,8,82.837881,82.837882,3404,12000,false,true,,,,
xc7s25 t06 e000 r0.1 R0.5 d10.0 D50.0 s060,6,8,88.389802,88.389802,5357,11000,false,true,,,,
xc7s25 t06 e000 r0.1 R0.5 d10.0 D50.0 s061,6,8,88.582252,88.582252,7537,11000,true,true,,,,
xc7s25 t06 e000 r0.1 R0.5 d10.0 D50.0 s029,6,8,53.423248,53.423248,5636,11000,true,true,,,,
xc7s25 t06 e000 r0.1 R0.5 d10.0 D50.0 s028,6,8,66.065068,66.065067,210,12000,true,true,,,,
xc7s25 t06 e000 r0.1 R0.5 d10.0 D50.0 s085,6,8,54.651281,54.651281,3106,12000,true,true,,,,
xc7s25 t06 e000 r0.1 R0.5 d10.0 D50.0 s084,6,8,71.447803,71.447803,2917,12000,false,true,,,,
xc7s25 t06 e000 r0.1 R0.5 d10.0 D50.0 s017,6,8,54.924059,54.92406,6809,11000,false,true,,,,
xc7s25 t06 e000 r0.1 R0.5 d10.0 D50.0 s016,6,8,74.19263,74.192631,9142,11000,false,true,,,,
xc7s25 t06 e000 r0.1 R0.5 d10.0 D50.0 s024,6,8,57.736354,57.736355,4196,11000,true,true,,,,
xc7s25 t06 e000 r0.1 R0.5 d10.0 D50.0 s025,6,8,69.15574,69.15574,6217,12000,true,true,,,,
xc7s25 t06 e000 r0.1 R0.5 d10.0 D50.0 s088,6,8,54.128473,54.128472,0,12000,true,true,,,,
xc7s25 t06 e000 r0.1 R0.5 d10.0 D50.0 s089,6,8,62.952621,62.952621,5263,12000,false,true,,,,
xc7s25 t06 e000 r0.1 R0.5 d10.0 D50.0 s053,6,8,57.462382,57.462383,4177,11000,false,true,,,,
xc7s25 t06 e000 r0.1 R0.5 d10.0 D50.0 s052,6,8,51.542394,51.542394,746,11000,true,true,,,,
xc7s25 t06 e000 r0.1 R0.5 d10.0 D50.0 s067,6,8,44.739495,44.739495,7026,11000,true,true,,,,
xc7s25 t06 e000 r0.1 R0.5 d10.0 D50.0 s066,6,8,64.257532,64.257533,13046,11000,false,true,,,,
xc7s25 t06 e000 r0.1 R0.5 d10.0 D50.0 s059,6,8,69.716099,69.716099,5002,12000,true,true,,,,
xc7s25 t06 e000 r0.1 R0.5 d10.0 D50.0 s058,6,8,55.368704,55.368704,2643,12000,true,true,,,,
xc7s25 t06 e000 r0.1 R0.5 d10.0 D50.0 s010,6,8,68.407113,68.407113,7953,12000,false,true,,,,
xc7s25 t06 e000 r0.1 R0.5 d10.0 D50.0 s011,6,8,43.082427,43.082427,1357,10000,true,true,,,,
xc7s25 t06 e000 r0.1 R0.5 d10.0 D50.0 s082,6,8,59.666277,59.666277,8162,12000,false,true,,,,
xc7s25 t06 e000 r0.1 R0.5 d10.0 D50.0 s083,6,8,79.712182,79.712182,2903,12000,true,true,,,,
xc7s25 t06 e000 r0.1 R0.5 d10.0 D50.0 s033,6,8,69.634072,69.634071,3951,12000,false,true,,,,
xc7s25 t06 e000 r0.1 R0.5 d10.0 D50.0 s032,6,8,59.944534,59.944534,6066,11000,false,true,,,,
xc7s25 t06 e000 r0.1 R0.5 d10.0 D50.0 s044,6,8,77.212276,77.212275,7828,11000,true,true,,,,
xc7s25 t06 e000 r0.1 R0.5 d10.0 D50.0 s045,6,8,69.830206,69.830206,5530,11000,false,true,,,,
xc7s25 t06 e000 r0.1 R0.5 d10.0 D50.0 s039,6,8,53.294977,53.294977,4553,11000,false,true,,,,
xc7s25 t06 e000 r0.1 R0.5 d10.0 D50.0 s038,6,8,67.086795,67.086795,6387,13000,true,true,,,,
xc7s25 t06 e000 r0.1 R0.5 d10.0 D50.0 s070,6,8,64.252461,64.252461,8882,11000,false,true,,,,
xc7s25 t06 e000 r0.1 R0.5 d10.0 D50.0 s071,6,8,64.962272,64.962273,6883,11000,false,true,,,,
xc7s25 t06 e000 r0.1 R0.5 d10.0 D50.0 s095,6,8,50.173231,50.173231,7080,12000,false,true,,,,
xc7s25 t06 e000 r0.1 R0.5 d10.0 D50.0 s094,6,8,53.95053,53.95053,5033,12000,true,true,,,,
xc7s25 t06 e000 r0.1 R0.5 d10.0 D50.0 s007,6,8,44.007118,44.007119,7501,11000,false,true,,,,
xc7s25 t06 e000 r0.1 R0.5 d10.0 D50.0 s006,6,8,61.4651,61.4651,3496,12000,false,true,,,,
xc7s25 t06 e000 r0.1 R0.5 d10.0 D50.0 s063,6,8,70.971602,70.971602,8350,12000,true,true,,,,
xc7s25 t06 e000 r0.1 R0.5 d10.0 D50.0 s062,6,8,76.080922,76.080922,7249,11000,true,true,,,,
xc7s25 t06 e000 r0.1 R0.5 d10.0 D50.0 s086,6,8,72.695978,72.695979,5026,13000,false,true,,,,
xc7s25 t06 e000 r0.1 R0.5 d10.0 D50.0 s087,6,8,39.925331,39.925331,5164,11000,false,true,,,,
xc7s25 t06 e000 r0.1 R0.5 d10.0 D50.0 s014,6,8,54.638164,54.638164,12996,12000,false,true,,,,
xc7s25 t06 e000 r0.1 R0.5 d10.0 D50.0 s015,6,8,75.641582,75.641583,11313,11000,true,true,,,,
xc7s25 t06 e000 r0.1 R0.5 d10.0 D50.0 s020,6,8,71.452903,71.452903,8950,12000,false,true,,,,
xc7s25 t06 e000 r0.1 R0.5 d10.0 D50.0 s021,6,8,74.38467,74.38467,3971,13000,true,true,,,,
xc7s25 t06 e000 r0.1 R0.5 d10.0 D50.0 s069,6,8,43.540105,43.540105,6643,12000,true,true,,,,
xc7s25 t06 e000 r0.1 R0.5 d10.0 D50.0 s068,6,8,53.520685,53.520685,3917,12000,false,true,,,,
xc7s25 t06 e000 r0.1 R0.5 d10.0 D50.0 s057,6,8,48.588278,48.588278,6961,11000,true,true,,,,
xc7s25 t06 e000 r0.1 R0.5 d10.0 D50.0 s056,6,8,79.646118,79.646118,5393,11000,false,true,,,,
xc7s25 t06 e000 r0.1 R0.5 d10.0 D50.0 s074,6,8,74.193079,74.19308,8311,11000,false,true,,,,
xc7s25 t06 e000 r0.1 R0.5 d10.0 D50.0 s075,6,8,51.472526,51.472526,8823,11000,true,true,,,,
xc7s25 t06 e000 r0.1 R0.5 d10.0 D50.0 s003,6,8,73.710961,73.710961,4332,11000,true,true,,,,
xc7s25 t06 e000 r0.1 R0.5 d10.0 D50.0 s002,6,8,67.85325,67.85325,6864,11000,false,true,,,,
xc7s25 t06 e000 r0.1 R0.5 d10.0 D50.0 s091,6,8,62.010701,62.010701,7203,11000,false,true,,,,
xc7s25 t06 e000 r0.1 R0.5 d10.0 D50.0 s090,6,8,73.867748,73.867748,8142,11000,true,true,,,,
xc7s25 t06 e000 r0.1 R0.5 d10.0 D50.0 s037,6,8,70.515634,70.515634,9169,12000,true,true,,,,
xc7s25 t06 e000 r0.1 R0.5 d10.0 D50.0 s036,6,8,68.145801,68.145801,7140,11000,false,true,,,,
xc7s25 t06 e000 r0.1 R0.5 d10.0 D50.0 s040,6,8,41.179582,41.179582,3869,12000,true,true,,,,
xc7s25 t06 e000 r0.1 R0.5 d10.0 D50.0 s041,6,8,67.02413,67.02413,9728,11000,false,true,,,,
xc7s25 t06 e000 r0.1 R0.5 d10.0 D50.0 s100,6,8,68.025183,68.025182,13848,12000,false,true,,,,
xc7s25 t06 e000 r0.1 R0.5 d10.0 D50.0 s009,6,8,82.612886,82.612886,6827,12000,true,true,,,,
xc7s25 t06 e000 r0.1 R0.5 d10.0 D50.0 s008,6,8,86.599746,86.599746,14050,11000,false,true,,,,
xc7s25 t06 e000 r0.1 R0.5 d10.0 D50.0 s073,6,8,60.455352,60.455352,5362,12000,false,true,,,,
xc7s25 t06 e000 r0.1 R0.5 d10.0 D50.0 s072,6,8,80.124988,80.124988,4684,12000,true,true,,,,
xc7s25 t06 e000 r0.1 R0.5 d10.0 D50.0 s096,6,8,38.747955,38.747955,7571,10000,true,true,,,,
xc7s25 t06 e000 r0.1 R0.5 d10.0 D50.0 s097,6,8,38.482678,38.482678,7315,12000,false,true,,,,
xc7s25 t06 e000 r0.1 R0.5 d10.0 D50.0 s004,6,8,88.124134,88.124134,5139,11000,true,true,,,,
xc7s25 t06 e000 r0.1 R0.5 d10.0 D50.0 s005,6,8,62.017777,62.017777,5604,11000,false,true,,,,
xc7s25 t06 e000 r0.1 R0.5 d10.0 D50.0 s079,6,8,52.852716,52.852716,5667,11000,true,true,,,,
xc7s25 t06 e000 r0.1 R0.5 d10.0 D50.0 s078,6,8,37.413736,37.413736,3521,12000,true,true,,,,
xc7s25 t06 e000 r0.1 R0.5 d10.0 D50.0 s030,6,8,45.792859,45.792859,5254,11000,false,true,,,,
xc7s25 t06 e000 r0.1 R0.5 d10.0 D50.0 s031,6,8,77.434151,77.434151,3815,12000,true,true,,,,
xc7s25 t06 e000 r0.1 R0.5 d10.0 D50.0 s047,6,8,64.697776,64.697776,3327,12000,true,true,,,,
xc7s25 t06 e000 r0.1 R0.5 d10.0 D50.0 s046,6,8,81.825287,81.825287,6030,11000,false,true,,,,
xc7s25 t06 e000 r0.1 R0.5 d10.0 D50.0 s064,6,8,57.986445,57.986445,8397,12000,false,true,,,,
xc7s25 t06 e000 r0.1 R0.5 d10.0 D50.0 s065,6,8,61.861002,61.861002,9018,12000,false,true,,,,
xc7s25 t06 e000 r0.1 R0.5 d10.0 D50.0 s013,6,8,60.871188,60.871187,6238,11000,true,true,,,,
xc7s25 t06 e000 r0.1 R0.5 d10.0 D50.0 s012,6,8,52.991866,52.991865,4639,12000,true,true,,,,
xc7s25 t06 e000 r0.1 R0.5 d10.0 D50.0 s081,6,8,74.409847,74.409847,4443,11000,false,true,,,,
xc7s25 t06 e000 r0.1 R0.5 d10.0 D50.0 s080,6,8,88.462717,88.462717,2739,11000,true,true,,,,
xc7s25 t06 e000 r0.1 R0.5 d10.0 D50.0 s027,6,8,73.561918,73.561918,8526,11000,true,true,,,,
xc7s25 t06 e000 r0.1 R0.5 d10.0 D50.0 s026,6,8,84.939289,84.939289,6336,11000,false,true,,,,
xc7s25 t06 e000 r0.1 R0.5 d10.0 D50.0 s019,6,8,90.703149,90.70315,6368,12000,false,true,,,,
xc7s25 t06 e000 r0.1 R0.5 d10.0 D50.0 s018,6,8,64.540314,64.540314,9535,12000,false,true,,,,
xc7s25 t06 e000 r0.1 R0.5 d10.0 D50.0 s050,6,8,61.414711,61.414711,7819,12000,false,true,,,,
xc7s25 t06 e000 r0.1 R0.5 d10.0 D50.0 s051,6,8,65.024175,65.024175,2996,11000,false,true,,,,
xc7s25 t06 e005 r0.1 R0.5 d10.0 D50.0 s034,6,7,134.830029,134.830029,2656,11000,true,true,,,,
xc7s25 t06 e005 r0.1 R0.5 d10.0 D50.0 s035,6,7,105.884545,105.884545,1647,11000,true,true,,,,
xc7s25 t06 e005 r0.1 R0.5 d10.0 D50.0 s043,6,8,88.68948,88.68948,1326,11000,false,true,,,,
xc7s25 t06 e005 r0.1 R0.5 d10.0 D50.0 s042,6,7,148.131668,148.131669,1719,11000,true,true,,,,
xc7s25 t06 e005 r0.1 R0.5 d10.0 D50.0 s098,6,7,103.649375,103.649375,2639,11000,true,true,,,,
xc7s25 t06 e005 r0.1 R0.5 d10.0 D50.0 s099,6,7,119.099862,119.099862,2188,11000,true,true,,,,
xc7s25 t06 e005 r0.1 R0.5 d10.0 D50.0 s077,6,7,61.210171,61.210172,2761,11000,true,true,,,,
xc7s25 t06 e005 r0.1 R0.5 d10.0 D50.0 s076,6,7,121.166311,121.166311,3967,11000,false,true,,,,
xc7s25 t06 e005 r0.1 R0.5 d10.0 D50.0 s001,6,8,79.882594,79.882594,11215,11000,true,true,,,,
xc7s25 t06 e005 r0.1 R0.5 d10.0 D50.0 s092,6,7,106.186916,106.186916,2207,12000,true,true,,,,
xc7s25 t06 e005 r0.1 R0.5 d10.0 D50.0 s093,6,7,110.340598,110.340598,1849,11000,true,true,,,,
xc7s25 t06 e005 r0.1 R0.5 d10.0 D50.0 s049,6,8,118.814774,118.814774,0,11000,true,true,,,,
xc7s25 t06 e005 r0.1 R0.5 d10.0 D50.0 s048,6,8,76.391885,76.391886,0,11000,true,true,,,,
xc7s25 t06 e005 r0.1 R0.5 d10.0 D50.0 s023,6,7,141.866449,141.866449,2647,12000,true,true,,,,
xc7s25 t06 e005 r0.1 R0.5 d10.0 D50.0 s022,6,7,125.493233,125.493232,2614,12000,false,true,,,,
xc7s25 t06 e005 r0.1 R0.5 d10.0 D50.0 s054,6,8,60.052878,60.052879,2829,12000,true,true,,,,
xc7s25 t06 e005 r0.1 R0.5 d10.0 D50.0 s055,6,7,142.207386,142.207387,3505,12000,true,true,,,,
xc7s25 t06 e005 r0.1 R0.5 d10.0 D50.0 s060,6,7,157.386105,157.386105,3418,11000,false,true,,,,
xc7s25 t06 e005 r0.1 R0.5 d10.0 D50.0 s061,6,7,135.382497,135.382497,2033,12000,true,true,,,,
xc7s25 t06 e005 r0.1 R0.5 d10.0 D50.0 s029,6,7,86.57498,86.57498,1999,11000,true,true,,,,
xc7s25 t06 e005 r0.1 R0.5 d10.0 D50.0 s028,6,8,98.177679,98.177679,2475,11000,false,true,,,,
xc7s25 t06 e005 r0.1 R0.5 d10.0 D50.0 s085,6,8,64.749817,64.749817,2751,11000,true,true,,,,
xc7s25 t06 e005 r0.1 R0.5 d10.0 D50.0 s084,6,7,144.832562,144.832562,3030,11000,false,true,,,,
xc7s25 t06 e005 r0.1 R0.5 d10.0 D50.0 s017,6,8,81.48278,81.482781,2997,11000,true,true,,,,
xc7s25 t06 e005 r0.1 R0.5 d10.0 D50.0 s016,6,8,96.759176,96.759176,3615,11000,true,true,,,,
xc7s25 t06 e005 r0.1 R0.5 d10.0 D50.0 s024,6,7,100.145874,100.145875,1858,12000,true,true,,,,
xc7s25 t06 e005 r0.1 R0.5 d10.0 D50.0 s025,6,7,102.807904,102.807904,3514,11000,true,true,,,,
xc7s25 t06 e005 r0.1 R0.5 d10.0 D50.0 s088,6,7,102.792596,102.792596,1988,12000,false,true,,,,
xc7s25 t06 e005 r0.1 R0.5 d10.0 D50.0 s089,6,8,94.336927,94.336927,1453,13000,true,true,,,,
xc7s25 t06 e005 r0.1 R0.5 d10.0 D50.0 s053,6,7,106.946617,106.946618,1891,13000,true,true,,,,
xc7s25 t06 e005 r0.1 R0.5 d10.0 D50.0 s052,6,7,89.603469,89.603469,0,12000,true,true,,,,
xc7s25 t06 e005 r0.1 R0.5 d10.0 D50.0 s067,6,7,69.8604,69.8604,2295,12000,true,true,,,,
xc7s25 t06 e005 r0.1 R0.5 d10.0 D50.0 s066,6,7,90.224673,90.224674,2449,11000,true,true,,,,
xc7s25 t06 e005 r0.1 R0.5 d10.0 D50.0 s059,6,8,104.348374,104.348374,1522,11000,true,true,,,,
xc7s25 t06 e005 r0.1 R0.5 d10.0 D50.0 s058,6,8,93.449467,93.449466,2724,11000,true,true,,,,
xc7s25 t06 e005 r0.1 R0.5 d10.0 D50.0 s010,6,8,92.602195,92.602195,2533,11000,true,true,,,,
xc7s25 t06 e005 r0.1 R0.5 d10.0 D50.0 s011,6,7,112.581291,112.581291,1429,12000,true,true,,,,
xc7s25 t06 e005 r0.1 R0.5 d10.0 D50.0 s082,6,7,89.326195,89.326195,1971,11000,true,true,,,,
xc7s25 t06 e005 r0.1 R0.5 d10.0 D50.0 s083,6,8,128.190379,128.19038,3162,11000,true,true,,,,
xc7s25 t06 e005 r0.1 R0.5 d10.0 D50.0 s033,6,7,134.570018,134.570017,1506,11000,true,true,,,,
xc7s25 t06 e005 r0.1 R0.5 d10.0 D50.0 s032,6,8,79.183099,79.1831,0,12000,true,true,,,,
xc7s25 t06 e005 r0.1 R0.5 d10.0 D50.0 s044,6,7,137.532394,137.532394,2541,11000,true,true,,,,
xc7s25 t06 e005 r0.1 R0.5 d10.0 D50.0 s045,6,7,101.446027,101.446027,3033,11000,true,true,,,,
xc7s25 t06 e005 r0.1 R0.5 d10.0 D50.0 s039,6,8,77.906948,77.906948,2490,11000,true,true,,,,
xc7s25 t06 e005 r0.1 R0.5 d10.0 D50.0 s038,6,7,133.876819,133.87682,2920,11000,true,true,,,,
xc7s25 t06 e005 r0.1 R0.5 d10.0 D50.0 s070,6,7,124.35084,124.35084,2468,12000,true,true,,,,
xc7s25 t06 e005 r0.1 R0.5 d10.0 D50.0 s071,6,7,109.3785,109.378501,3291,12000,true,true,,,,
xc7s25 t06 e005 r0.1 R0.5 d10.0 D50.0 s095,6,7,83.060948,83.060949,2101,11000,false,true,,,,
xc7s25 t06 e005 r0.1 R0.5 d10.0 D50.0 s094,6,8,81.063711,81.06371,2907,11000,true,true,,,,
xc7s25 t06 e005 r0.1 R0.5 d10.0 D50.0 s007,6,7,81.091745,81.091746,2751,12000,true,true,,,,
xc7s25 t06 e005 r0.1 R0.5 d10.0 D50.0 s006,6,8,117.133805,117.133805,1973,11000,true,true,,,,
xc7s25 t06 e005 r0.1 R0.5 d10.0 D50.0 s063,6,7,124.994421,124.994421,1997,12000,true,true,,,,
xc7s25 t06 e005 r0.1 R0.5 d10.0 D50.0 s062,6,7,127.162489,127.162489,2816,11000,true,true,,,,
xc7s25 t06 e005 r0.1 R0.5 d10.0 D50.0 s086,6,7,128.18674,128.18674,2418,12000,true,true,,,,
xc7s25 t06 e005 r0.1 R0.5 d10.0 D50.0 s087,6,7,67.763936,67.763936,0,11000,true,true,,,,
xc7s25 t06 e005 r0.1 R0.5 d10.0 D50.0 s014,6,7,84.499048,84.499048,3305,11000,true,true,,,,
xc7s25 t06 e005 r0.1 R0.5 d10.0 D50.0 s015,6,8,117.852211,117.852212,3189,13000,true,true,,,,
xc7s25 t06 e005 r0.1 R0.5 d10.0 D50.0 s020,6,8,93.835425,93.835425,1697,12000,true,true,,,,
xc7s25 t06 e005 r0.1 R0.5 d10.0 D50.0 s021,6,8,108.005629,108.005629,0,11000,true,true,,,,
xc7s25 t06 e005 r0.1 R0.5 d10.0 D50.0 s069,6,7,59.127478,59.127477,2106,11000,true,true,,,,
xc7s25 t06 e005 r0.1 R0.5 d10.0 D50.0 s068,6,7,64.77679,64.77679,3909,11000,true,true,,,,
xc7s25 t06 e005 r0.1 R0.5 d10.0 D50.0 s057,6,7,72.135212,72.135211,2402,12000,false,true,,,,
xc7s25 t06 e005 r0.1 R0.5 d10.0 D50.0 s056,6,7,117.952593,117.952593,2516,13000,true,true,,,,
xc7s25 t06 e005 r0.1 R0.5 d10.0 D50.0 s074,6,7,141.843572,141.843573,2671,12000,true,true,,,,
xc7s25 t06 e005 r0.1 R0.5 d10.0 D50.0 s075,6,7,78.007448,78.007449,2059,12000,true,true,,,,
xc7s25 t06 e005 r0.1 R0.5 d10.0 D50.0 s003,6,8,108.69165,108.691649,3239,11000,true,true,,,,
xc7s25 t06 e005 r0.1 R0.5 d10.0 D50.0 s002,6,7,127.198901,127.198901,8679,12000,true,true,,,,
xc7s25 t06 e005 r0.1 R0.5 d10.0 D50.0 s091,6,8,98.956273,98.956273,2813,12000,true,true,,,,
xc7s25 t06 e005 r0.1 R0.5 d10.0 D50.0 s090,6,7,109.60043,109.600431,2857,11000,true,true,,,,
xc7s25 t06 e005 r0.1 R0.5 d10.0 D50.0 s037,6,7,118.669678,118.669678,2643,12000,true,true,,,,
xc7s25 t06 e005 r0.1 R0.5 d10.0 D50.0 s036,6,8,96.951411,96.951411,2624,11000,true,true,,,,
xc7s25 t06 e005 r0.1 R0.5 d10.0 D50.0 s040,6,7,87.250264,87.250264,828,11000,true,true,,,,
xc7s25 t06 e005 r0.1 R0.5 d10.0 D50.0 s041,6,7,117.176661,117.176661,3692,13000,true,true,,,,
xc7s25 t06 e005 r0.1 R0.5 d10.0 D50.0 s100,6,8,98.62423,98.62423,1704,11000,true,true,,,,
xc7s25 t06 e005 r0.1 R0.5 d10.0 D50.0 s009,6,7,128.005377,128.005377,2617,12000,true,true,,,,
xc7s25 t06 e005 r0.1 R0.5 d10.0 D50.0 s008,6,7,160.021715,160.021715,1679,12000,true,true,,,,
xc7s25 t06 e005 r0.1 R0.5 d10.0 D50.0 s073,6,8,121.976349,121.976349,1754,12000,true,true,,,,
xc7s25 t06 e005 r0.1 R0.5 d10.0 D50.0 s072,6,7,153.33218,153.33218,2759,11000,true,true,,,,
xc7s25 t06 e005 r0.1 R0.5 d10.0 D50.0 s096,6,7,56.406378,56.406378,3434,12000,true,true,,,,
xc7s25 t06 e005 r0.1 R0.5 d10.0 D50.0 s097,6,7,72.577096,72.577096,2806,11000,true,true,,,,
xc7s25 t06 e005 r0.1 R0.5 d10.0 D50.0 s004,6,7,170.691321,170.691322,3711,11000,true,true,,,,
xc7s25 t06 e005 r0.1 R0.5 d10.0 D50.0 s005,6,7,119.892966,119.892966,3535,12000,false,true,,,,
xc7s25 t06 e005 r0.1 R0.5 d10.0 D50.0 s079,6,7,82.225208,82.225208,3170,12000,true,true,,,,
xc7s25 t06 e005 r0.1 R0.5 d10.0 D50.0 s078,6,7,84.617657,84.617658,2322,12000,false,true,,,,
xc7s25 t06 e005 r0.1 R0.5 d10.0 D50.0 s030,6,7,83.428844,83.428843,2359,12000,true,true,,,,
xc7s25 t06 e005 r0.1 R0.5 d10.0 D50.0 s031,6,8,113.623717,113.623717,2245,12000,true,true,,,,
xc7s25 t06 e005 r0.1 R0.5 d10.0 D50.0 s047,6,7,129.951764,129.951764,3592,11000,true,true,,,,
xc7s25 t06 e005 r0.1 R0.5 d10.0 D50.0 s046,6,7,144.187296,144.187296,1635,12000,true,true,,,,
xc7s25 t06 e005 r0.1 R0.5 d10.0 D50.0 s064,6,8,68.934098,68.934098,2463,12000,true,true,,,,
xc7s25 t06 e005 r0.1 R0.5 d10.0 D50.0 s065,6,7,100.952776,100.952776,2717,12000,true,true,,,,
xc7s25 t06 e005 r0.1 R0.5 d10.0 D50.0 s013,6,7,103.761949,103.761949,2792,11000,true,true,,,,
xc7s25 t06 e005 r0.1 R0.5 d10.0 D50.0 s012,6,7,97.34299,97.342989,2083,11000,true,true,,,,
xc7s25 t06 e005 r0.1 R0.5 d10.0 D50.0 s081,6,7,117.727989,117.727989,2023,12000,true,true,,,,
xc7s25 t06 e005 r0.1 R0.5 d10.0 D50.0 s080,6,7,147.612795,147.612795,3060,12000,true,true,,,,
xc7s25 t06 e005 r0.1 R0.5 d10.0 D50.0 s027,6,8,110.919281,110.919281,2153,12000,true,true,,,,
xc7s25 t06 e005 r0.1 R0.5 d10.0 D50.0 s026,6,7,134.26917,134.26917,2377,12000,false,true,,,,
xc7s25 t06 e005 r0.1 R0.5 d10.0 D50.0 s019,6,7,165.732613,165.732613,1836,12000,true,true,,,,
xc7s25 t06 e005 r0.1 R0.5 d10.0 D50.0 s018,6,8,102.091381,102.09138,3292,11000,true,true,,,,
xc7s25 t06 e005 r0.1 R0.5 d10.0 D50.0 s050,6,7,112.127547,112.127547,1547,11000,true,true,,,,
xc7s25 t06 e005 r0.1 R0.5 d10.0 D50.0 s051,6,8,104.698071,104.698072,2310,11000,true,true,,,,
xc7s25 t06 e002 r0.1 R0.5 d10.0 D50.0 s034,6,6,115.740911,115.780911,18297,13000,false,true,,,,
xc7s25 t06 e002 r0.1 R0.5 d10.0 D50.0 s035,6,6,83.431503,103.957638,13209,10000,false,false,,,,
xc7s25 t06 e002 r0.1 R0.5 d10.0 D50.0 s043,6,7,60.580379,60.58038,11204,10000,true,true,,,,
xc7s25 t06 e002 r0.1 R0.5 d10.0 D50.0 s042,6,7,78.246091,78.246091,21912,11000,true,true,,,,
xc7s25 t06 e002 r0.1 R0.5 d10.0 D50.0 s098,6,7,56.790164,56.790164,18942,11000,true,true,,,,
xc7s25 t06 e002 r0.1 R0.5 d10.0 D50.0 s099,6,7,78.267143,78.267143,15922,11000,true,true,,,,
xc7s25 t06 e002 r0.1 R0.5 d10.0 D50.0 s077,6,6,42.525405,42.525405,13937,10000,true,true,,,,
xc7s25 t06 e002 r0.1 R0.5 d10.0 D50.0 s076,6,7,69.621051,69.621051,12374,12000,true,true,,,,
xc7s25 t06 e002 r0.1 R0.5 d10.0 D50.0 s001,6,7,56.142553,56.142553,18936,11000,true,true,,,,
xc7s25 t06 e002 r0.1 R0.5 d10.0 D50.0 s092,6,6,60.808925,60.808925,11170,11000,true,true,,,,
xc7s25 t06 e002 r0.1 R0.5 d10.0 D50.0 s093,6,7,67.014578,67.014578,14132,11000,true,true,,,,
xc7s25 t06 e002 r0.1 R0.5 d10.0 D50.0 s049,6,6,115.02141,115.02141,10396,12000,true,true,,,,
xc7s25 t06 e002 r0.1 R0.5 d10.0 D50.0 s048,6,6,61.300291,61.300291,9836,11000,true,true,,,,
xc7s25 t06 e002 r0.1 R0.5 d10.0 D50.0 s023,6,6,103.648435,103.688435,11471,12000,false,true,,,,
xc7s25 t06 e002 r0.1 R0.5 d10.0 D50.0 s022,6,7,71.902575,71.902574,17802,12000,true,true,,,,
xc7s25 t06 e002 r0.1 R0.5 d10.0 D50.0 s054,6,7,41.762982,41.762982,13424,12000,true,true,,,,
xc7s25 t06 e002 r0.1 R0.5 d10.0 D50.0 s055,6,6,93.0904,93.0904,17343,11000,true,true,,,,
xc7s25 t06 e002 r0.1 R0.5 d10.0 D50.0 s060,6,7,88.929712,88.929712,21185,10000,true,true,,,,
xc7s25 t06 e002 r0.1 R0.5 d10.0 D50.0 s061,6,7,88.582252,88.582252,12274,12000,true,true,,,,
xc7s25 t06 e002 r0.1 R0.5 d10.0 D50.0 s029,6,6,75.001968,75.041967,13759,12000,false,true,,,,
xc7s25 t06 e002 r0.1 R0.5 d10.0 D50.0 s028,6,7,70.948342,70.948342,24631,12000,true,true,,,,
xc7s25 t06 e002 r0.1 R0.5 d10.0 D50.0 s085,6,6,54.651281,54.651281,16458,11000,true,true,,,,
xc7s25 t06 e002 r0.1 R0.5 d10.0 D50.0 s084,6,7,81.755263,81.755263,15670,12000,true,true,,,,
xc7s25 t06 e002 r0.1 R0.5 d10.0 D50.0 s017,6,7,63.932244,63.932244,11788,10000,true,true,,,,
xc7s25 t06 e002 r0.1 R0.5 d10.0 D50.0 s016,6,7,74.315965,74.315965,29319,12000,true,true,,,,
xc7s25 t06 e002 r0.1 R0.5 d10.0 D50.0 s024,6,7,69.104285,69.104285,22368,11000,true,true,,,,
xc7s25 t06 e002 r0.1 R0.5 d10.0 D50.0 s025,6,7,78.139072,78.139072,24769,11000,true,true,,,,
xc7s25 t06 e002 r0.1 R0.5 d10.0 D50.0 s088,6,7,68.970177,68.970177,15971,11000,true,true,,,,
xc7s25 t06 e002 r0.1 R0.5 d10.0 D50.0 s089,6,7,67.21564,67.21564,18938,12000,true,true,,,,
xc7s25 t06 e002 r0.1 R0.5 d10.0 D50.0 s053,6,7,71.018122,71.018122,30563,11000,true,true,,,,
xc7s25 t06 e002 r0.1 R0.5 d10.0 D50.0 s052,6,6,64.958951,64.958951,26264,11000,true,true,,,,
xc7s25 t06 e002 r0.1 R0.5 d10.0 D50.0 s067,6,7,55.910678,55.910678,16794,11000,true,true,,,,
xc7s25 t06 e002 r0.1 R0.5 d10.0 D50.0 s066,6,6,74.509691,74.509692,22644,11000,true,true,,,,
xc7s25 t06 e002 r0.1 R0.5 d10.0 D50.0 s059,6,7,69.716099,69.716099,20550,11000,true,true,,,,
xc7s25 t06 e002 r0.1 R0.5 d10.0 D50.0 s058,6,7,60.482644,60.482643,16310,11000,true,true,,,,
xc7s25 t06 e002 r0.1 R0.5 d10.0 D50.0 s010,6,7,79.957908,79.957908,20177,11000,true,true,,,,
xc7s25 t06 e002 r0.1 R0.5 d10.0 D50.0 s011,6,7,53.906415,53.906414,5481,13000,true,true,,,,
xc7s25 t06 e002 r0.1 R0.5 d10.0 D50.0 s082,6,6,74.406271,74.406271,15583,11000,false,true,,,,
xc7s25 t06 e002 r0.1 R0.5 d10.0 D50.0 s083,6,7,85.809234,85.809234,23708,11000,true,true,,,,
xc7s25 t06 e002 r0.1 R0.5 d10.0 D50.0 s033,6,7,69.634072,69.634071,17479,12000,true,true,,,,
xc7s25 t06 e002 r0.1 R0.5 d10.0 D50.0 s032,6,7,59.944534,59.944534,22182,12000,true,true,,,,
xc7s25 t06 e002 r0.1 R0.5 d10.0 D50.0 s044,6,6,94.465163,94.465162,19461,11000,true,true,,,,
xc7s25 t06 e002 r0.1 R0.5 d10.0 D50.0 s045,6,6,69.830206,69.830206,18034,11000,true,true,,,,
xc7s25 t06 e002 r0.1 R0.5 d10.0 D50.0 s039,6,7,66.390657,66.390657,8551,10000,true,true,,,,
xc7s25 t06 e002 r0.1 R0.5 d10.0 D50.0 s038,6,7,83.871672,83.871672,26115,11000,true,true,,,,
xc7s25 t06 e002 r0.1 R0.5 d10.0 D50.0 s070,6,6,99.777844,99.777844,24155,11000,true,true,,,,
xc7s25 t06 e002 r0.1 R0.5 d10.0 D50.0 s071,6,7,64.962272,64.962273,16153,12000,true,true,,,,
xc7s25 t06 e002 r0.1 R0.5 d10.0 D50.0 s095,6,6,83.060948,93.956267,24102,10000,false,false,,,,
xc7s25 t06 e002 r0.1 R0.5 d10.0 D50.0 s094,6,7,59.926856,59.926855,18450,11000,true,true,,,,
xc7s25 t06 e002 r0.1 R0.5 d10.0 D50.0 s007,6,6,44.007118,44.007119,29270,11000,true,true,,,,
xc7s25 t06 e002 r0.1 R0.5 d10.0 D50.0 s006,6,6,87.201122,87.877074,14663,11000,false,false,,,,
xc7s25 t06 e002 r0.1 R0.5 d10.0 D50.0 s063,6,7,79.059407,79.059407,26335,11000,true,true,,,,
xc7s25 t06 e002 r0.1 R0.5 d10.0 D50.0 s062,6,6,114.172294,114.172294,21504,13000,true,true,,,,
xc7s25 t06 e002 r0.1 R0.5 d10.0 D50.0 s086,6,7,72.695978,72.695979,13338,11000,true,true,,,,
xc7s25 t06 e002 r0.1 R0.5 d10.0 D50.0 s087,6,7,55.918252,55.918251,19912,10000,true,true,,,,
xc7s25 t06 e002 r0.1 R0.5 d10.0 D50.0 s014,6,7,60.258147,60.258147,11962,11000,true,true,,,,
xc7s25 t06 e002 r0.1 R0.5 d10.0 D50.0 s015,6,7,92.420442,92.420442,21194,11000,true,true,,,,
xc7s25 t06 e002 r0.1 R0.5 d10.0 D50.0 s020,6,7,71.452903,71.452903,25557,11000,true,true,,,,
xc7s25 t06 e002 r0.1 R0.5 d10.0 D50.0 s021,6,7,80.220124,80.220124,19037,10000,true,true,,,,
xc7s25 t06 e002 r0.1 R0.5 d10.0 D50.0 s069,6,7,48.612618,48.612618,19401,11000,true,true,,,,
xc7s25 t06 e002 r0.1 R0.5 d10.0 D50.0 s068,6,7,60.051618,60.051618,21323,11000,false,true,,,,
xc7s25 t06 e002 r0.1 R0.5 d10.0 D50.0 s057,6,7,48.588278,48.588278,26821,11000,true,true,,,,
xc7s25 t06 e002 r0.1 R0.5 d10.0 D50.0 s056,6,6,79.646118,79.646118,11496,10000,true,true,,,,
xc7s25 t06 e002 r0.1 R0.5 d10.0 D50.0 s074,6,6,114.369609,114.369609,34533,12000,false,true,,,,
xc7s25 t06 e002 r0.1 R0.5 d10.0 D50.0 s075,6,7,56.510383,56.510384,21956,10000,true,true,,,,
xc7s25 t06 e002 r0.1 R0.5 d10.0 D50.0 s003,6,6,96.785167,96.785166,20792,11000,true,true,,,,
xc7s25 t06 e002 r0.1 R0.5 d10.0 D50.0 s002,6,7,77.283047,77.283047,21101,11000,true,true,,,,
xc7s25 t06 e002 r0.1 R0.5 d10.0 D50.0 s091,6,7,62.010701,62.010701,11782,11000,true,true,,,,
xc7s25 t06 e002 r0.1 R0.5 d10.0 D50.0 s090,6,7,83.597065,83.597065,30994,11000,true,true,,,,
xc7s25 t06 e002 r0.1 R0.5 d10.0 D50.0 s037,6,6,87.315581,87.315582,21242,12000,true,true,,,,
xc7s25 t06 e002 r0.1 R0.5 d10.0 D50.0 s036,6,7,76.117603,76.117603,19425,11000,true,true,,,,
xc7s25 t06 e002 r0.1 R0.5 d10.0 D50.0 s040,6,7,73.691966,73.691966,5477,11000,true,true,,,,
xc7s25 t06 e002 r0.1 R0.5 d10.0 D50.0 s041,6,6,73.258725,75.355915,20808,13000,false,false,,,,
xc7s25 t06 e002 r0.1 R0.5 d10.0 D50.0 s100,6,7,74.837993,74.837992,19156,11000,true,true,,,,
xc7s25 t06 e002 r0.1 R0.5 d10.0 D50.0 s009,6,6,127.965377,127.965377,12281,11000,false,true,,,,
xc7s25 t06 e002 r0.1 R0.5 d10.0 D50.0 s008,6,6,87.604809,87.604808,31700,11000,true,true,,,,
xc7s25 t06 e002 r0.1 R0.5 d10.0 D50.0 s073,6,7,60.455352,60.455352,21408,12000,true,true,,,,
xc7s25 t06 e002 r0.1 R0.5 d10.0 D50.0 s072,6,7,95.730542,95.730541,13854,11000,true,true,,,,
xc7s25 t06 e002 r0.1 R0.5 d10.0 D50.0 s096,6,7,43.943859,43.943859,26571,11000,true,true,,,,
xc7s25 t06 e002 r0.1 R0.5 d10.0 D50.0 s097,6,6,57.091398,57.091398,32004,11000,false,true,,,,
xc7s25 t06 e002 r0.1 R0.5 d10.0 D50.0 s004,6,7,91.939718,91.939719,34287,11000,true,true,,,,
xc7s25 t06 e002 r0.1 R0.5 d10.0 D50.0 s005,6,7,74.362225,74.362225,16531,12000,true,true,,,,
xc7s25 t06 e002 r0.1 R0.5 d10.0 D50.0 s079,6,6,65.988425,65.988425,16414,12000,true,true,,,,
xc7s25 t06 e002 r0.1 R0.5 d10.0 D50.0 s078,6,6,47.512994,47.512995,22817,11000,true,true,,,,
xc7s25 t06 e002 r0.1 R0.5 d10.0 D50.0 s030,6,7,45.792859,45.792859,7951,11000,true,true,,,,
xc7s25 t06 e002 r0.1 R0.5 d10.0 D50.0 s031,6,6,81.31347,81.31347,14684,11000,true,true,,,,
xc7s25 t06 e002 r0.1 R0.5 d10.0 D50.0 s047,6,6,109.652843,109.652844,22653,11000,true,true,,,,
xc7s25 t06 e002 r0.1 R0.5 d10.0 D50.0 s046,6,6,97.684195,97.684195,17682,11000,true,true,,,,
xc7s25 t06 e002 r0.1 R0.5 d10.0 D50.0 s064,6,6,68.934098,68.934098,15276,12000,true,true,,,,
xc7s25 t06 e002 r0.1 R0.5 d10.0 D50.0 s065,6,6,78.034469,78.03447,15242,11000,true,true,,,,
xc7s25 t06 e002 r0.1 R0.5 d10.0 D50.0 s013,6,7,76.573406,76.573405,22593,11000,false,true,,,,
xc7s25 t06 e002 r0.1 R0.5 d10.0 D50.0 s012,6,7,57.559249,57.559249,27016,11000,true,true,,,,
xc7s25 t06 e002 r0.1 R0.5 d10.0 D50.0 s081,6,6,87.183828,87.183828,18268,11000,true,true,,,,
xc7s25 t06 e002 r0.1 R0.5 d10.0 D50.0 s080,6,7,88.462717,88.462717,14862,11000,true,true,,,,
xc7s25 t06 e002 r0.1 R0.5 d10.0 D50.0 s027,6,7,73.561918,73.561918,19092,11000,true,true,,,,
xc7s25 t06 e002 r0.1 R0.5 d10.0 D50.0 s026,6,6,98.475876,98.475876,21898,11000,true,true,,,,
xc7s25 t06 e002 r0.1 R0.5 d10.0 D50.0 s019,6,6,90.703149,90.70315,13327,11000,true,true,,,,
xc7s25 t06 e002 r0.1 R0.5 d10.0 D50.0 s018,6,6,82.299718,82.299718,17717,11000,true,true,,,,
xc7s25 t06 e002 r0.1 R0.5 d10.0 D50.0 s050,6,6,96.222283,131.029855,23201,11000,false,false,,,,
xc7s25 t06 e002 r0.1 R0.5 d10.0 D50.0 s051,6,6,98.241424,98.241425,14970,11000,true,true,,,,
xc7s25 t06 e003 r0.1 R0.5 d10.0 D50.0 s034,6,6,115.740911,115.740911,2076,10000,true,true,,,,
xc7s25 t06 e003 r0.1 R0.5 d10.0 D50.0 s035,6,6,87.2767,87.276701,0,11000,false,true,,,,
xc7s25 t06 e003 r0.1 R0.5 d10.0 D50.0 s043,6,7,60.580379,60.58038,1550,10000,true,true,,,,
xc7s25 t06 e003 r0.1 R0.5 d10.0 D50.0 s042,6,7,78.246091,78.246091,3267,11000,true,true,,,,
xc7s25 t06 e003 r0.1 R0.5 d10.0 D50.0 s098,6,7,71.156821,71.156821,4695,11000,true,true,,,,
xc7s25 t06 e003 r0.1 R0.5 d10.0 D50.0 s099,6,7,82.4046,82.4046,4229,11000,true,true,,,,
xc7s25 t06 e003 r0.1 R0.5 d10.0 D50.0 s077,6,6,57.604334,57.604334,2624,12000,true,true,,,,
xc7s25 t06 e003 r0.1 R0.5 d10.0 D50.0 s076,6,7,74.366538,74.366538,1544,11000,true,true,,,,
xc7s25 t06 e003 r0.1 R0.5 d10.0 D50.0 s001,6,7,79.882594,79.882594,11528,11000,false,true,,,,
xc7s25 t06 e003 r0.1 R0.5 d10.0 D50.0 s092,6,5,106.186916,106.186916,2258,12000,true,true,,,,
xc7s25 t06 e003 r0.1 R0.5 d10.0 D50.0 s093,6,6,102.611803,102.611803,969,11000,true,true,,,,
xc7s25 t06 e003 r0.1 R0.5 d10.0 D50.0 s049,6,6,118.814774,118.814774,1100,11000,true,true,,,,
xc7s25 t06 e003 r0.1 R0.5 d10.0 D50.0 s048,6,7,61.300291,61.300291,2557,11000,true,true,,,,
xc7s25 t06 e003 r0.1 R0.5 d10.0 D50.0 s023,6,7,103.648435,103.688435,2099,12000,false,true,,,,
xc7s25 t06 e003 r0.1 R0.5 d10.0 D50.0 s022,6,7,71.902575,71.902574,2470,11000,true,true,,,,
xc7s25 t06 e003 r0.1 R0.5 d10.0 D50.0 s054,6,7,41.762982,41.762982,2648,10000,true,true,,,,
xc7s25 t06 e003 r0.1 R0.5 d10.0 D50.0 s055,6,7,93.0904,93.0904,1888,10000,true,true,,,,
xc7s25 t06 e003 r0.1 R0.5 d10.0 D50.0 s060,6,6,107.99589,107.99589,2282,12000,true,true,,,,
xc7s25 t06 e003 r0.1 R0.5 d10.0 D50.0 s061,6,7,94.963659,94.963659,2195,10000,true,true,,,,
xc7s25 t06 e003 r0.1 R0.5 d10.0 D50.0 s029,6,6,75.001968,75.041967,1912,12000,false,true,,,,
xc7s25 t06 e003 r0.1 R0.5 d10.0 D50.0 s028,6,6,98.177679,98.177679,2457,11000,false,true,,,,
xc7s25 t06 e003 r0.1 R0.5 d10.0 D50.0 s085,6,6,64.749817,64.749817,1709,11000,true,true,,,,
xc7s25 t06 e003 r0.1 R0.5 d10.0 D50.0 s084,6,6,111.831111,111.83111,3375,11000,true,true,,,,
xc7s25 t06 e003 r0.1 R0.5 d10.0 D50.0 s017,6,7,63.932244,63.932244,1448,11000,true,true,,,,
xc7s25 t06 e003 r0.1 R0.5 d10.0 D50.0 s016,6,7,74.315965,74.315965,1292,10000,true,true,,,,
xc7s25 t06 e003 r0.1 R0.5 d10.0 D50.0 s024,6,6,72.857349,72.85735,3093,12000,true,true,,,,
xc7s25 t06 e003 r0.1 R0.5 d10.0 D50.0 s025,6,7,78.139072,78.139072,1433,11000,true,true,,,,
xc7s25 t06 e003 r0.1 R0.5 d10.0 D50.0 s088,6,7,80.616614,80.616614,3219,12000,true,true,,,,
xc7s25 t06 e003 r0.1 R0.5 d10.0 D50.0 s089,6,7,67.21564,67.21564,2558,11000,true,true,,,,
xc7s25 t06 e003 r0.1 R0.5 d10.0 D50.0 s053,6,7,82.881698,82.881698,2163,11000,false,true,,,,
xc7s25 t06 e003 r0.1 R0.5 d10.0 D50.0 s052,6,6,64.958951,64.958951,1533,11000,true,true,,,,
xc7s25 t06 e003 r0.1 R0.5 d10.0 D50.0 s067,6,6,69.8604,69.8604,2398,12000,true,true,,,,
xc7s25 t06 e003 r0.1 R0.5 d10.0 D50.0 s066,6,5,90.224673,90.224674,2259,12000,true,true,,,,
xc7s25 t06 e003 r0.1 R0.5 d10.0 D50.0 s059,6,6,104.348374,104.348374,1791,11000,true,true,,,,
xc7s25 t06 e003 r0.1 R0.5 d10.0 D50.0 s058,6,7,71.86448,71.86448,2284,12000,true,true,,,,
xc7s25 t06 e003 r0.1 R0.5 d10.0 D50.0 s010,6,7,79.957908,79.957908,3641,11000,true,true,,,,
xc7s25 t06 e003 r0.1 R0.5 d10.0 D50.0 s011,6,7,77.211133,77.211133,994,10000,true,true,,,,
xc7s25 t06 e003 r0.1 R0.5 d10.0 D50.0 s082,6,6,74.406271,74.406271,2573,11000,true,true,,,,
xc7s25 t06 e003 r0.1 R0.5 d10.0 D50.0 s083,6,7,85.809234,85.809234,2125,10000,true,true,,,,
xc7s25 t06 e003 r0.1 R0.5 d10.0 D50.0 s033,6,6,115.015403,115.015402,3813,10000,true,true,,,,
xc7s25 t06 e003 r0.1 R0.5 d10.0 D50.0 s032,6,6,79.183099,79.1831,2266,10000,true,true,,,,
xc7s25 t06 e003 r0.1 R0.5 d10.0 D50.0 s044,6,6,94.465163,94.465162,2641,11000,true,true,,,,
xc7s25 t06 e003 r0.1 R0.5 d10.0 D50.0 s045,6,6,69.830206,69.830206,2408,12000,true,true,,,,
xc7s25 t06 e003 r0.1 R0.5 d10.0 D50.0 s039,6,7,66.390657,66.390657,1431,11000,true,true,,,,
xc7s25 t06 e003 r0.1 R0.5 d10.0 D50.0 s038,6,7,83.871672,83.871672,2784,10000,true,true,,,,
xc7s25 t06 e003 r0.1 R0.5 d10.0 D50.0 s070,6,6,99.777844,99.777844,2639,11000,true,true,,,,
xc7s25 t06 e003 r0.1 R0.5 d10.0 D50.0 s071,6,7,75.945163,75.945164,3178,12000,true,true,,,,
xc7s25 t06 e003 r0.1 R0.5 d10.0 D50.0 s095,6,6,83.060948,93.956267,5103,11000,false,false,,,,
xc7s25 t06 e003 r0.1 R0.5 d10.0 D50.0 s094,6,7,59.926856,59.926855,3033,11000,true,true,,,,
xc7s25 t06 e003 r0.1 R0.5 d10.0 D50.0 s007,6,6,57.898168,57.898169,2297,12000,true,true,,,,
xc7s25 t06 e003 r0.1 R0.5 d10.0 D50.0 s006,6,6,117.133805,117.133805,2738,11000,true,true,,,,
xc7s25 t06 e003 r0.1 R0.5 d10.0 D50.0 s063,6,7,79.059407,79.059407,2717,11000,true,true,,,,
xc7s25 t06 e003 r0.1 R0.5 d10.0 D50.0 s062,6,7,114.172294,114.172294,2692,12000,true,true,,,,
xc7s25 t06 e003 r0.1 R0.5 d10.0 D50.0 s086,6,7,83.580385,83.580385,2708,12000,true,true,,,,
xc7s25 t06 e003 r0.1 R0.5 d10.0 D50.0 s087,6,7,67.763936,67.763936,4081,12000,false,true,,,,
xc7s25 t06 e003 r0.1 R0.5 d10.0 D50.0 s014,6,7,74.016085,93.394006,2815,11000,false,false,,,,
xc7s25 t06 e003 r0.1 R0.5 d10.0 D50.0 s015,6,7,117.852211,117.892212,3542,12000,false,true,,,,
xc7s25 t06 e003 r0.1 R0.5 d10.0 D50.0 s020,6,7,93.835425,93.875425,2873,11000,false,true,,,,
xc7s25 t06 e003 r0.1 R0.5 d10.0 D50.0 s021,6,7,108.005629,108.045629,2666,11000,false,true,,,,
xc7s25 t06 e003 r0.1 R0.5 d10.0 D50.0 s069,6,7,54.014965,54.014964,2901,12000,true,true,,,,
xc7s25 t06 e003 r0.1 R0.5 d10.0 D50.0 s068,6,7,64.77679,64.77679,4284,12000,true,true,,,,
xc7s25 t06 e003 r0.1 R0.5 d10.0 D50.0 s057,6,7,58.787892,58.787892,1456,11000,true,true,,,,
xc7s25 t06 e003 r0.1 R0.5 d10.0 D50.0 s056,6,6,117.952593,117.952593,2597,11000,true,true,,,,
xc7s25 t06 e003 r0.1 R0.5 d10.0 D50.0 s074,6,6,114.369609,114.369609,1675,12000,true,true,,,,
xc7s25 t06 e003 r0.1 R0.5 d10.0 D50.0 s075,6,6,78.007448,78.007449,1815,12000,true,true,,,,
xc7s25 t06 e003 r0.1 R0.5 d10.0 D50.0 s003,6,6,108.69165,108.691649,4272,11000,true,true,,,,
xc7s25 t06 e003 r0.1 R0.5 d10.0 D50.0 s002,6,7,77.283047,77.283047,3325,11000,true,true,,,,
xc7s25 t06 e003 r0.1 R0.5 d10.0 D50.0 s091,6,7,79.875766,79.875766,2270,11000,false,true,,,,
xc7s25 t06 e003 r0.1 R0.5 d10.0 D50.0 s090,6,7,100.53814,100.53814,2378,11000,true,true,,,,
xc7s25 t06 e003 r0.1 R0.5 d10.0 D50.0 s037,6,6,92.636872,92.636872,2315,11000,true,true,,,,
xc7s25 t06 e003 r0.1 R0.5 d10.0 D50.0 s036,6,7,76.117603,76.117603,1071,11000,true,true,,,,
xc7s25 t06 e003 r0.1 R0.5 d10.0 D50.0 s040,6,7,73.691966,73.691966,1054,11000,true,true,,,,
xc7s25 t06 e003 r0.1 R0.5 d10.0 D50.0 s041,6,6,85.778683,85.778683,2330,11000,true,true,,,,
xc7s25 t06 e003 r0.1 R0.5 d10.0 D50.0 s100,6,7,98.62423,98.62423,3990,10000,true,true,,,,
xc7s25 t06 e003 r0.1 R0.5 d10.0 D50.0 s009,6,6,127.965377,127.965377,1491,12000,true,true,,,,
xc7s25 t06 e003 r0.1 R0.5 d10.0 D50.0 s008,6,5,160.021715,160.021715,3074,12000,true,true,,,,
xc7s25 t06 e003 r0.1 R0.5 d10.0 D50.0 s073,6,7,92.591155,92.591155,3571,11000,true,true,,,,
xc7s25 t06 e003 r0.1 R0.5 d10.0 D50.0 s072,6,6,122.822097,122.822097,3354,11000,true,true,,,,
xc7s25 t06 e003 r0.1 R0.5 d10.0 D50.0 s096,6,7,43.943859,43.943859,8118,11000,true,true,,,,
xc7s25 t06 e003 r0.1 R0.5 d10.0 D50.0 s097,6,6,57.091398,57.091398,2507,11000,true,true,,,,
xc7s25 t06 e003 r0.1 R0.5 d10.0 D50.0 s004,6,7,127.187871,127.187871,3817,13000,true,true,,,,
xc7s25 t06 e003 r0.1 R0.5 d10.0 D50.0 s005,6,6,74.362225,74.362225,3822,11000,true,true,,,,
xc7s25 t06 e003 r0.1 R0.5 d10.0 D50.0 s079,6,7,65.988425,65.988425,1622,12000,true,true,,,,
xc7s25 t06 e003 r0.1 R0.5 d10.0 D50.0 s078,6,7,47.512994,47.512995,2746,11000,true,true,,,,
xc7s25 t06 e003 r0.1 R0.5 d10.0 D50.0 s030,6,7,63.445218,63.485217,2226,12000,false,true,,,,
xc7s25 t06 e003 r0.1 R0.5 d10.0 D50.0 s031,6,7,81.31347,81.31347,2122,11000,true,true,,,,
xc7s25 t06 e003 r0.1 R0.5 d10.0 D50.0 s047,6,6,109.652843,109.652844,2387,11000,true,true,,,,
xc7s25 t06 e003 r0.1 R0.5 d10.0 D50.0 s046,6,5,144.187296,144.187296,2049,11000,true,true,,,,
xc7s25 t06 e003 r0.1 R0.5 d10.0 D50.0 s064,6,7,68.934098,68.934098,2854,12000,true,true,,,,
xc7s25 t06 e003 r0.1 R0.5 d10.0 D50.0 s065,6,6,99.406695,99.406695,2486,12000,true,true,,,,
xc7s25 t06 e003 r0.1 R0.5 d10.0 D50.0 s013,6,7,88.059731,88.059731,3086,11000,true,true,,,,
xc7s25 t06 e003 r0.1 R0.5 d10.0 D50.0 s012,6,7,57.559249,57.559249,1513,10000,true,true,,,,
xc7s25 t06 e003 r0.1 R0.5 d10.0 D50.0 s081,6,6,89.351694,89.351695,2343,12000,true,true,,,,
xc7s25 t06 e003 r0.1 R0.5 d10.0 D50.0 s080,6,6,106.696192,106.696192,2544,10000,true,true,,,,
xc7s25 t06 e003 r0.1 R0.5 d10.0 D50.0 s027,6,7,73.561918,73.561918,2142,11000,true,true,,,,
xc7s25 t06 e003 r0.1 R0.5 d10.0 D50.0 s026,6,6,98.475876,98.475876,2852,12000,true,true,,,,
xc7s25 t06 e003 r0.1 R0.5 d10.0 D50.0 s019,6,7,90.703149,90.70315,1413,11000,true,true,,,,
xc7s25 t06 e003 r0.1 R0.5 d10.0 D50.0 s018,6,7,82.299718,82.299718,1942,11000,true,true,,,,
xc7s25 t06 e003 r0.1 R0.5 d10.0 D50.0 s050,6,7,96.222283,131.029855,3342,10000,false,false,,,,
xc7s25 t06 e003 r0.1 R0.5 d10.0 D50.0 s051,6,6,104.698071,104.698072,2573,11000,true,true,,,,
xc7s25 t06 e004 r0.1 R0.5 d10.0 D50.0 s034,6,6,134.830029,134.830029,2682,11000,true,true,,,,
xc7s25 t06 e004 r0.1 R0.5 d10.0 D50.0 s035,6,7,87.2767,87.276701,2009,11000,false,true,,,,
xc7s25 t06 e004 r0.1 R0.5 d10.0 D50.0 s043,6,7,88.68948,88.68948,1361,11000,false,true,,,,
xc7s25 t06 e004 r0.1 R0.5 d10.0 D50.0 s042,6,6,148.131668,148.131669,1703,12000,true,true,,,,
xc7s25 t06 e004 r0.1 R0.5 d10.0 D50.0 s098,6,6,103.649375,103.649375,2661,11000,true,true,,,,
xc7s25 t06 e004 r0.1 R0.5 d10.0 D50.0 s099,6,6,119.099862,119.099862,2178,11000,true,true,,,,
xc7s25 t06 e004 r0.1 R0.5 d10.0 D50.0 s077,6,6,61.210171,61.210172,2759,11000,true,true,,,,
xc7s25 t06 e004 r0.1 R0.5 d10.0 D50.0 s076,6,7,89.564666,89.564666,3054,11000,true,true,,,,
xc7s25 t06 e004 r0.1 R0.5 d10.0 D50.0 s001,6,7,79.882594,79.882594,11252,11000,true,true,,,,
xc7s25 t06 e004 r0.1 R0.5 d10.0 D50.0 s092,6,6,106.186916,106.186916,2267,12000,true,true,,,,
xc7s25 t06 e004 r0.1 R0.5 d10.0 D50.0 s093,6,6,110.340598,110.340598,1772,11000,true,true,,,,
xc7s25 t06 e004 r0.1 R0.5 d10.0 D50.0 s049,6,7,118.814774,118.814774,1123,12000,true,true,,,,
xc7s25 t06 e004 r0.1 R0.5 d10.0 D50.0 s048,6,7,76.391885,76.391886,1475,11000,true,true,,,,
xc7s25 t06 e004 r0.1 R0.5 d10.0 D50.0 s023,6,7,103.648435,103.688435,2258,11000,false,true,,,,
xc7s25 t06 e004 r0.1 R0.5 d10.0 D50.0 s022,6,7,98.516168,129.355855,3787,11000,false,false,,,,
xc7s25 t06 e004 r0.1 R0.5 d10.0 D50.0 s054,6,7,59.392413,76.132818,2530,11000,false,false,,,,
xc7s25 t06 e004 r0.1 R0.5 d10.0 D50.0 s055,6,7,107.409018,107.409018,1919,11000,true,true,,,,
xc7s25 t06 e004 r0.1 R0.5 d10.0 D50.0 s060,6,6,118.426518,118.426518,1440,11000,true,true,,,,
xc7s25 t06 e004 r0.1 R0.5 d10.0 D50.0 s061,6,7,99.834186,107.538762,2487,11000,false,false,,,,
xc7s25 t06 e004 r0.1 R0.5 d10.0 D50.0 s029,6,7,75.001968,75.001967,1558,11000,true,true,,,,
xc7s25 t06 e004 r0.1 R0.5 d10.0 D50.0 s028,6,7,98.177679,98.177679,2426,11000,false,true,,,,
xc7s25 t06 e004 r0.1 R0.5 d10.0 D50.0 s085,6,7,64.749817,64.749817,1867,11000,true,true,,,,
xc7s25 t06 e004 r0.1 R0.5 d10.0 D50.0 s084,6,6,144.832562,144.832562,4611,12000,false,true,,,,
xc7s25 t06 e004 r0.1 R0.5 d10.0 D50.0 s017,6,7,81.48278,81.482781,3338,11000,true,true,,,,
xc7s25 t06 e004 r0.1 R0.5 d10.0 D50.0 s016,6,7,96.759176,96.759176,3614,11000,true,true,,,,
xc7s25 t06 e004 r0.1 R0.5 d10.0 D50.0 s024,6,7,72.857349,72.85735,3064,11000,true,true,,,,
xc7s25 t06 e004 r0.1 R0.5 d10.0 D50.0 s025,6,7,102.767904,102.807904,2703,12000,false,true,,,,
xc7s25 t06 e004 r0.1 R0.5 d10.0 D50.0 s088,6,7,80.616614,80.616614,2445,11000,true,true,,,,
xc7s25 t06 e004 r0.1 R0.5 d10.0 D50.0 s089,6,8,67.21564,67.21564,1713,11000,true,true,,,,
xc7s25 t06 e004 r0.1 R0.5 d10.0 D50.0 s053,6,7,82.881698,82.881698,1771,11000,false,true,,,,
xc7s25 t06 e004 r0.1 R0.5 d10.0 D50.0 s052,6,6,89.603469,89.603469,2543,12000,true,true,,,,
xc7s25 t06 e004 r0.1 R0.5 d10.0 D50.0 s067,6,6,69.8604,69.8604,2321,10000,true,true,,,,
xc7s25 t06 e004 r0.1 R0.5 d10.0 D50.0 s066,6,6,90.224673,90.224674,2260,12000,true,true,,,,
xc7s25 t06 e004 r0.1 R0.5 d10.0 D50.0 s059,6,7,104.348374,104.348374,2552,12000,true,true,,,,
xc7s25 t06 e004 r0.1 R0.5 d10.0 D50.0 s058,6,7,71.86448,71.86448,3264,11000,true,true,,,,
xc7s25 t06 e004 r0.1 R0.5 d10.0 D50.0 s010,6,7,92.602195,92.602195,1978,11000,true,true,,,,
xc7s25 t06 e004 r0.1 R0.5 d10.0 D50.0 s011,6,7,88.03512,88.03512,1081,12000,true,true,,,,
xc7s25 t06 e004 r0.1 R0.5 d10.0 D50.0 s082,6,6,89.326195,89.326195,1925,11000,true,true,,,,
xc7s25 t06 e004 r0.1 R0.5 d10.0 D50.0 s083,6,8,85.809234,85.809234,1462,11000,true,true,,,,
xc7s25 t06 e004 r0.1 R0.5 d10.0 D50.0 s033,6,6,115.055403,115.055402,4306,12000,true,true,,,,
xc7s25 t06 e004 r0.1 R0.5 d10.0 D50.0 s032,6,7,79.183099,79.1831,2860,10000,true,true,,,,
xc7s25 t06 e004 r0.1 R0.5 d10.0 D50.0 s044,6,6,137.532394,137.532394,3969,12000,true,true,,,,
xc7s25 t06 e004 r0.1 R0.5 d10.0 D50.0 s045,6,6,101.446027,101.446027,2988,10000,true,true,,,,
xc7s25 t06 e004 r0.1 R0.5 d10.0 D50.0 s039,6,7,77.906948,77.906948,2491,11000,true,true,,,,
xc7s25 t06 e004 r0.1 R0.5 d10.0 D50.0 s038,6,6,133.876819,133.87682,3600,12000,true,true,,,,
xc7s25 t06 e004 r0.1 R0.5 d10.0 D50.0 s070,6,7,99.777844,99.777844,2206,11000,true,true,,,,
xc7s25 t06 e004 r0.1 R0.5 d10.0 D50.0 s071,6,7,86.384068,86.384068,1709,11000,true,true,,,,
xc7s25 t06 e004 r0.1 R0.5 d10.0 D50.0 s095,6,7,83.060948,93.956267,2840,11000,false,false,,,,
xc7s25 t06 e004 r0.1 R0.5 d10.0 D50.0 s094,6,7,81.063711,81.06371,2860,12000,false,true,,,,
xc7s25 t06 e004 r0.1 R0.5 d10.0 D50.0 s007,6,7,57.898168,57.898169,2109,11000,true,true,,,,
xc7s25 t06 e004 r0.1 R0.5 d10.0 D50.0 s006,6,7,117.133805,117.133805,2051,12000,true,true,,,,
xc7s25 t06 e004 r0.1 R0.5 d10.0 D50.0 s063,6,7,95.509355,95.509355,3386,11000,true,true,,,,
xc7s25 t06 e004 r0.1 R0.5 d10.0 D50.0 s062,6,6,127.162489,127.162489,2776,11000,true,true,,,,
xc7s25 t06 e004 r0.1 R0.5 d10.0 D50.0 s086,6,7,100.137116,100.137116,2487,11000,true,true,,,,
xc7s25 t06 e004 r0.1 R0.5 d10.0 D50.0 s087,6,7,67.763936,67.763936,3283,12000,true,true,,,,
xc7s25 t06 e004 r0.1 R0.5 d10.0 D50.0 s014,6,7,74.016085,93.394006,2505,11000,false,false,,,,
xc7s25 t06 e004 r0.1 R0.5 d10.0 D50.0 s015,6,7,117.852211,117.852212,2562,12000,true,true,,,,
xc7s25 t06 e004 r0.1 R0.5 d10.0 D50.0 s020,6,7,93.835425,93.875425,2567,12000,false,true,,,,
xc7s25 t06 e004 r0.1 R0.5 d10.0 D50.0 s021,6,7,108.005629,108.045629,1694,11000,false,true,,,,
xc7s25 t06 e004 r0.1 R0.5 d10.0 D50.0 s069,6,7,59.127478,59.127477,1948,12000,true,true,,,,
xc7s25 t06 e004 r0.1 R0.5 d10.0 D50.0 s068,6,7,64.77679,64.77679,4337,12000,true,true,,,,
xc7s25 t06 e004 r0.1 R0.5 d10.0 D50.0 s057,6,7,58.787892,58.787892,2064,11000,true,true,,,,
xc7s25 t06 e004 r0.1 R0.5 d10.0 D50.0 s056,6,6,117.952593,117.952593,2645,10000,true,true,,,,
xc7s25 t06 e004 r0.1 R0.5 d10.0 D50.0 s074,6,7,114.369609,114.369609,1749,11000,true,true,,,,
xc7s25 t06 e004 r0.1 R0.5 d10.0 D50.0 s075,6,6,78.007448,78.007449,2042,11000,true,true,,,,
xc7s25 t06 e004 r0.1 R0.5 d10.0 D50.0 s003,6,7,108.69165,108.691649,3376,11000,true,true,,,,
xc7s25 t06 e004 r0.1 R0.5 d10.0 D50.0 s002,6,6,127.198901,127.198901,8631,12000,true,true,,,,
xc7s25 t06 e004 r0.1 R0.5 d10.0 D50.0 s091,6,8,79.875766,79.875766,2630,11000,true,true,,,,
xc7s25 t06 e004 r0.1 R0.5 d10.0 D50.0 s090,6,7,100.53814,100.53814,2843,12000,true,true,,,,
xc7s25 t06 e004 r0.1 R0.5 d10.0 D50.0 s037,6,6,118.669678,118.669678,2338,12000,true,true,,,,
xc7s25 t06 e004 r0.1 R0.5 d10.0 D50.0 s036,6,8,76.117603,76.117603,2117,11000,true,true,,,,
xc7s25 t06 e004 r0.1 R0.5 d10.0 D50.0 s040,6,7,87.250264,87.250264,1591,11000,true,true,,,,
xc7s25 t06 e004 r0.1 R0.5 d10.0 D50.0 s041,6,7,94.110468,94.110468,2270,11000,true,true,,,,
xc7s25 t06 e004 r0.1 R0.5 d10.0 D50.0 s100,6,7,98.62423,98.62423,2801,11000,true,true,,,,
xc7s25 t06 e004 r0.1 R0.5 d10.0 D50.0 s009,6,6,128.005377,128.005377,0,12000,true,true,,,,
xc7s25 t06 e004 r0.1 R0.5 d10.0 D50.0 s008,6,6,160.021715,160.021715,2994,13000,true,true,,,,
xc7s25 t06 e004 r0.1 R0.5 d10.0 D50.0 s073,6,7,121.976349,121.976349,1790,11000,true,true,,,,
xc7s25 t06 e004 r0.1 R0.5 d10.0 D50.0 s072,6,6,153.33218,153.33218,2700,11000,true,true,,,,
xc7s25 t06 e004 r0.1 R0.5 d10.0 D50.0 s096,6,7,52.739007,52.739007,2269,12000,true,true,,,,
xc7s25 t06 e004 r0.1 R0.5 d10.0 D50.0 s097,6,6,72.577096,72.577096,2796,12000,true,true,,,,
xc7s25 t06 e004 r0.1 R0.5 d10.0 D50.0 s004,6,6,170.691321,170.691322,3690,11000,true,true,,,,
xc7s25 t06 e004 r0.1 R0.5 d10.0 D50.0 s005,6,6,119.892966,119.892966,3505,11000,false,true,,,,
xc7s25 t06 e004 r0.1 R0.5 d10.0 D50.0 s079,6,7,82.225208,82.225208,2969,11000,true,true,,,,
xc7s25 t06 e004 r0.1 R0.5 d10.0 D50.0 s078,6,7,61.010356,61.010357,2441,11000,false,true,,,,
xc7s25 t06 e004 r0.1 R0.5 d10.0 D50.0 s030,6,7,63.445218,63.485217,2334,11000,false,true,,,,
xc7s25 t06 e004 r0.1 R0.5 d10.0 D50.0 s031,6,7,113.623717,113.623717,1962,11000,true,true,,,,
xc7s25 t06 e004 r0.1 R0.5 d10.0 D50.0 s047,6,6,129.951764,129.951764,3651,11000,false,true,,,,
xc7s25 t06 e004 r0.1 R0.5 d10.0 D50.0 s046,6,6,144.187296,144.187296,2126,13000,true,true,,,,
xc7s25 t06 e004 r0.1 R0.5 d10.0 D50.0 s064,6,7,68.934098,68.934098,1989,12000,true,true,,,,
xc7s25 t06 e004 r0.1 R0.5 d10.0 D50.0 s065,6,7,99.406695,99.406695,2477,12000,true,true,,,,
xc7s25 t06 e004 r0.1 R0.5 d10.0 D50.0 s013,6,7,88.059731,88.059731,2110,11000,true,true,,,,
xc7s25 t06 e004 r0.1 R0.5 d10.0 D50.0 s012,6,7,76.951383,76.951383,1836,12000,true,true,,,,
xc7s25 t06 e004 r0.1 R0.5 d10.0 D50.0 s081,6,7,89.351694,89.351695,2408,11000,true,true,,,,
xc7s25 t06 e004 r0.1 R0.5 d10.0 D50.0 s080,6,7,106.696192,106.696192,2499,11000,true,true,,,,
xc7s25 t06 e004 r0.1 R0.5 d10.0 D50.0 s027,6,7,102.463729,102.463729,2500,12000,true,true,,,,
xc7s25 t06 e004 r0.1 R0.5 d10.0 D50.0 s026,6,7,98.475876,98.475876,2879,12000,true,true,,,,
xc7s25 t06 e004 r0.1 R0.5 d10.0 D50.0 s019,6,7,134.058158,134.058158,1528,11000,true,true,,,,
xc7s25 t06 e004 r0.1 R0.5 d10.0 D50.0 s018,6,8,82.299718,82.299718,1919,11000,true,true,,,,
xc7s25 t06 e004 r0.1 R0.5 d10.0 D50.0 s050,6,7,96.222283,131.029855,2874,11000,false,false,,,,
xc7s25 t06 e004 r0.1 R0.5 d10.0 D50.0 s051,6,7,104.698071,104.698072,2619,11000,true,true,,,,
,,,,,,,,,,,,
Scheduling and makespan differences,T,E,N,SchedDiff,SchedMkspDiff,MinMkspDiff,MaxMkspDiff,AvgMkspDiff,StdMkspDiff,,,
,6,5,4,0,0,0,0,0,0,,,
,6,6,110,19,6,0.775164,36.174128,15.108151,12.228575,,,
,6,7,350,59,8,7.717372,36.174128,25.629319,9.612003,,,
,6,8,236,77,0,0,0,0,0,,,
,,,,,,,,,,,,
Timing differences,T,E,N,MinMipTime,MaxMipTime,AvgMipTime,StdMipTime,MinSLOTTime,MaxSLOTTime,AvgSLOTTime,StdSLOTTime,heft
,6,5,4,2049,3074,2410,392.785565,11000,12000,11750,433.012702,43500
,6,6,110,2126,34533,8650.909091,8683.570002,10000,13000,11281.818182,702.357306,43654.545455
,6,7,350,828,51269,9934.697143,9573.077868,10000,15000,11288.571429,712.849986,44105.714286
,6,8,236,1462,14050,4178.690678,2711.508355,10000,15000,11707.627119,721.422416,44076.271186
,,,700,,,,,,,,,
