NAME	T	E	MMIP	Mheft-nf	UMIP	Uheft-nf	S	M
"xc7s25 t06 e001 r0.1 R0.5 d10.0 D50.0 s034"	6	7	80.844797	115.740911	27791	41000	false	false
"xc7s25 t06 e001 r0.1 R0.5 d10.0 D50.0 s035"	6	7	64.823659	83.431503	17438	47000	false	false
"xc7s25 t06 e001 r0.1 R0.5 d10.0 D50.0 s043"	6	7	60.580379	60.580380	10231	47000	true	true
"xc7s25 t06 e001 r0.1 R0.5 d10.0 D50.0 s042"	6	7	78.246091	78.246091	21971	46000	true	true
"xc7s25 t06 e001 r0.1 R0.5 d10.0 D50.0 s098"	6	7	56.790164	71.156821	16116	41000	false	false
"xc7s25 t06 e001 r0.1 R0.5 d10.0 D50.0 s099"	6	7	70.641844	70.641844	17665	44000	true	true
"xc7s25 t06 e001 r0.1 R0.5 d10.0 D50.0 s077"	6	7	42.525405	54.058399	27861	46000	false	false
"xc7s25 t06 e001 r0.1 R0.5 d10.0 D50.0 s076"	6	7	53.217534	74.366538	17584	43000	false	false
"xc7s25 t06 e001 r0.1 R0.5 d10.0 D50.0 s001"	6	7	56.142553	56.142553	5827	46000	true	true
"xc7s25 t06 e001 r0.1 R0.5 d10.0 D50.0 s092"	6	7	60.808925	64.330154	22906	42000	false	false
"xc7s25 t06 e001 r0.1 R0.5 d10.0 D50.0 s093"	6	7	59.285783	59.285783	5650	45000	true	true
"xc7s25 t06 e001 r0.1 R0.5 d10.0 D50.0 s049"	6	7	85.711314	85.711314	18193	45000	true	true
"xc7s25 t06 e001 r0.1 R0.5 d10.0 D50.0 s048"	6	7	60.720017	60.720018	26997	42000	true	true
"xc7s25 t06 e001 r0.1 R0.5 d10.0 D50.0 s023"	6	7	87.996632	103.648435	17090	47000	false	false
"xc7s25 t06 e001 r0.1 R0.5 d10.0 D50.0 s022"	6	7	71.902575	94.653545	17014	44000	false	false
"xc7s25 t06 e001 r0.1 R0.5 d10.0 D50.0 s054"	6	7	41.762982	41.762982	22860	47000	true	true
"xc7s25 t06 e001 r0.1 R0.5 d10.0 D50.0 s055"	6	7	82.837881	82.837882	22550	42000	true	true
"xc7s25 t06 e001 r0.1 R0.5 d10.0 D50.0 s060"	6	7	88.929712	127.889299	25026	45000	false	false
"xc7s25 t06 e001 r0.1 R0.5 d10.0 D50.0 s061"	6	7	88.582252	88.582252	15611	45000	true	true
"xc7s25 t06 e001 r0.1 R0.5 d10.0 D50.0 s029"	6	7	53.423248	75.001967	17131	44000	false	false
"xc7s25 t06 e001 r0.1 R0.5 d10.0 D50.0 s028"	6	7	70.948342	98.177679	24776	48000	false	false
"xc7s25 t06 e001 r0.1 R0.5 d10.0 D50.0 s085"	6	7	54.651281	75.532499	10056	45000	false	false
"xc7s25 t06 e001 r0.1 R0.5 d10.0 D50.0 s084"	6	7	81.755263	96.118751	19742	43000	false	false
"xc7s25 t06 e001 r0.1 R0.5 d10.0 D50.0 s017"	6	7	63.932244	84.275023	10256	43000	false	false
"xc7s25 t06 e001 r0.1 R0.5 d10.0 D50.0 s016"	6	7	74.192630	74.192631	18410	45000	true	true
"xc7s25 t06 e001 r0.1 R0.5 d10.0 D50.0 s024"	6	7	69.104285	69.104285	26961	46000	true	true
"xc7s25 t06 e001 r0.1 R0.5 d10.0 D50.0 s025"	6	7	78.139072	78.139072	26694	46000	true	true
"xc7s25 t06 e001 r0.1 R0.5 d10.0 D50.0 s088"	6	7	54.128473	54.128472	18332	45000	true	true
"xc7s25 t06 e001 r0.1 R0.5 d10.0 D50.0 s089"	6	7	62.952621	94.336927	22596	46000	false	false
"xc7s25 t06 e001 r0.1 R0.5 d10.0 D50.0 s053"	6	7	57.462382	57.462383	20567	42000	true	true
"xc7s25 t06 e001 r0.1 R0.5 d10.0 D50.0 s052"	6	7	57.108879	57.108879	17279	44000	false	true
"xc7s25 t06 e001 r0.1 R0.5 d10.0 D50.0 s067"	6	7	55.910678	69.860400	18529	43000	false	false
"xc7s25 t06 e001 r0.1 R0.5 d10.0 D50.0 s066"	6	7	64.257532	75.576267	24603	46000	false	false
"xc7s25 t06 e001 r0.1 R0.5 d10.0 D50.0 s059"	6	7	69.716099	105.741204	18753	45000	false	false
"xc7s25 t06 e001 r0.1 R0.5 d10.0 D50.0 s058"	6	7	55.368704	55.368704	9526	45000	true	true
"xc7s25 t06 e001 r0.1 R0.5 d10.0 D50.0 s010"	6	7	79.957908	79.957908	5016	43000	true	true
"xc7s25 t06 e001 r0.1 R0.5 d10.0 D50.0 s011"	6	7	53.906415	53.906414	1542	45000	true	true
"xc7s25 t06 e001 r0.1 R0.5 d10.0 D50.0 s082"	6	7	59.666277	73.076484	30504	42000	false	false
"xc7s25 t06 e001 r0.1 R0.5 d10.0 D50.0 s083"	6	7	79.712182	79.712182	11758	46000	true	true
"xc7s25 t06 e001 r0.1 R0.5 d10.0 D50.0 s033"	6	7	69.634072	69.634071	18420	42000	true	true
"xc7s25 t06 e001 r0.1 R0.5 d10.0 D50.0 s032"	6	7	59.944534	59.944534	25929	44000	true	true
"xc7s25 t06 e001 r0.1 R0.5 d10.0 D50.0 s044"	6	7	89.105702	89.105702	30967	44000	false	true
"xc7s25 t06 e001 r0.1 R0.5 d10.0 D50.0 s045"	6	7	69.830206	69.830206	20633	46000	true	true
"xc7s25 t06 e001 r0.1 R0.5 d10.0 D50.0 s039"	6	7	66.390657	77.906948	11549	47000	false	false
"xc7s25 t06 e001 r0.1 R0.5 d10.0 D50.0 s038"	6	7	83.871672	101.101390	18132	45000	false	false
"xc7s25 t06 e001 r0.1 R0.5 d10.0 D50.0 s070"	6	7	64.252461	99.777844	12281	44000	false	false
"xc7s25 t06 e001 r0.1 R0.5 d10.0 D50.0 s071"	6	7	64.962272	64.962273	35360	46000	true	true
"xc7s25 t06 e001 r0.1 R0.5 d10.0 D50.0 s095"	6	7	72.165630	83.060949	20146	41000	false	false
"xc7s25 t06 e001 r0.1 R0.5 d10.0 D50.0 s094"	6	7	59.926856	81.063710	27819	45000	false	false
"xc7s25 t06 e001 r0.1 R0.5 d10.0 D50.0 s007"	6	7	44.007118	44.007119	6237	45000	true	true
"xc7s25 t06 e001 r0.1 R0.5 d10.0 D50.0 s006"	6	7	61.465100	90.721831	4291	45000	false	false
"xc7s25 t06 e001 r0.1 R0.5 d10.0 D50.0 s063"	6	7	70.971602	95.509355	22876	44000	false	false
"xc7s25 t06 e001 r0.1 R0.5 d10.0 D50.0 s062"	6	7	76.080922	76.080922	21237	45000	true	true
"xc7s25 t06 e001 r0.1 R0.5 d10.0 D50.0 s086"	6	7	72.695978	85.252247	11277	42000	false	false
"xc7s25 t06 e001 r0.1 R0.5 d10.0 D50.0 s087"	6	7	39.925331	60.307556	17105	46000	false	false
"xc7s25 t06 e001 r0.1 R0.5 d10.0 D50.0 s014"	6	7	60.258147	74.016085	24868	47000	false	false
"xc7s25 t06 e001 r0.1 R0.5 d10.0 D50.0 s015"	6	7	75.641582	120.136613	19201	46000	false	false
"xc7s25 t06 e001 r0.1 R0.5 d10.0 D50.0 s020"	6	7	71.452903	93.835425	25482	44000	false	false
"xc7s25 t06 e001 r0.1 R0.5 d10.0 D50.0 s021"	6	7	76.695536	84.610237	14138	42000	false	false
"xc7s25 t06 e001 r0.1 R0.5 d10.0 D50.0 s069"	6	7	43.540105	48.612618	32844	43000	false	false
"xc7s25 t06 e001 r0.1 R0.5 d10.0 D50.0 s068"	6	7	60.051618	60.051618	14890	47000	false	true
"xc7s25 t06 e001 r0.1 R0.5 d10.0 D50.0 s057"	6	7	48.588278	58.892759	18468	42000	false	false
"xc7s25 t06 e001 r0.1 R0.5 d10.0 D50.0 s056"	6	7	79.646118	125.809282	14966	42000	false	false
"xc7s25 t06 e001 r0.1 R0.5 d10.0 D50.0 s074"	6	7	76.978546	95.164457	30344	46000	false	false
"xc7s25 t06 e001 r0.1 R0.5 d10.0 D50.0 s075"	6	7	56.233237	77.730303	22970	46000	false	false
"xc7s25 t06 e001 r0.1 R0.5 d10.0 D50.0 s003"	6	7	78.813583	108.691649	5605	44000	false	false
"xc7s25 t06 e001 r0.1 R0.5 d10.0 D50.0 s002"	6	7	67.853250	99.032253	6676	46000	false	false
"xc7s25 t06 e001 r0.1 R0.5 d10.0 D50.0 s091"	6	7	62.010701	73.229947	18692	45000	false	false
"xc7s25 t06 e001 r0.1 R0.5 d10.0 D50.0 s090"	6	7	73.867748	73.867748	19950	46000	true	true
"xc7s25 t06 e001 r0.1 R0.5 d10.0 D50.0 s037"	6	7	75.796925	75.796924	26072	45000	true	true
"xc7s25 t06 e001 r0.1 R0.5 d10.0 D50.0 s036"	6	7	76.117603	96.951411	27040	44000	false	false
"xc7s25 t06 e001 r0.1 R0.5 d10.0 D50.0 s040"	6	7	54.737879	54.737880	5023	41000	true	true
"xc7s25 t06 e001 r0.1 R0.5 d10.0 D50.0 s041"	6	7	67.024130	73.258724	21663	42000	false	false
"xc7s25 t06 e001 r0.1 R0.5 d10.0 D50.0 s100"	6	7	74.837993	101.524214	24311	45000	false	false
"xc7s25 t06 e001 r0.1 R0.5 d10.0 D50.0 s009"	6	7	82.612886	82.612886	3928	42000	true	true
"xc7s25 t06 e001 r0.1 R0.5 d10.0 D50.0 s008"	6	7	86.599746	123.249215	5744	45000	false	false
"xc7s25 t06 e001 r0.1 R0.5 d10.0 D50.0 s073"	6	7	60.455352	102.611767	18075	45000	false	false
"xc7s25 t06 e001 r0.1 R0.5 d10.0 D50.0 s072"	6	7	95.730542	126.280624	21202	45000	false	false
"xc7s25 t06 e001 r0.1 R0.5 d10.0 D50.0 s096"	6	7	41.484038	52.739007	12495	41000	false	false
"xc7s25 t06 e001 r0.1 R0.5 d10.0 D50.0 s097"	6	7	38.482678	38.482678	14794	46000	true	true
"xc7s25 t06 e001 r0.1 R0.5 d10.0 D50.0 s004"	6	7	91.939718	122.335054	3030	42000	false	false
"xc7s25 t06 e001 r0.1 R0.5 d10.0 D50.0 s005"	6	7	62.017777	107.173328	4029	41000	false	false
"xc7s25 t06 e001 r0.1 R0.5 d10.0 D50.0 s079"	6	7	52.852716	52.852716	13998	42000	true	true
"xc7s25 t06 e001 r0.1 R0.5 d10.0 D50.0 s078"	6	7	37.413736	37.413736	16669	47000	true	true
"xc7s25 t06 e001 r0.1 R0.5 d10.0 D50.0 s030"	6	7	45.792859	46.338918	19272	45000	false	false
"xc7s25 t06 e001 r0.1 R0.5 d10.0 D50.0 s031"	6	7	77.434151	77.434151	18909	43000	true	true
"xc7s25 t06 e001 r0.1 R0.5 d10.0 D50.0 s047"	6	7	73.306318	85.592908	17586	41000	false	false
"xc7s25 t06 e001 r0.1 R0.5 d10.0 D50.0 s046"	6	7	81.825287	81.825287	15942	48000	true	true
"xc7s25 t06 e001 r0.1 R0.5 d10.0 D50.0 s064"	6	7	67.865623	67.865623	34337	42000	false	true
"xc7s25 t06 e001 r0.1 R0.5 d10.0 D50.0 s065"	6	7	78.034469	78.034470	25221	47000	false	true
"xc7s25 t06 e001 r0.1 R0.5 d10.0 D50.0 s013"	6	7	63.682337	76.573405	19168	42000	false	false
"xc7s25 t06 e001 r0.1 R0.5 d10.0 D50.0 s012"	6	7	52.991866	52.991865	10948	45000	true	true
"xc7s25 t06 e001 r0.1 R0.5 d10.0 D50.0 s081"	6	7	74.409847	74.409847	21970	41000	true	true
"xc7s25 t06 e001 r0.1 R0.5 d10.0 D50.0 s080"	6	7	88.462717	106.696192	11288	47000	false	false
"xc7s25 t06 e001 r0.1 R0.5 d10.0 D50.0 s027"	6	7	73.561918	102.423729	22504	46000	false	false
"xc7s25 t06 e001 r0.1 R0.5 d10.0 D50.0 s026"	6	7	84.939289	84.939289	37953	42000	true	true
"xc7s25 t06 e001 r0.1 R0.5 d10.0 D50.0 s019"	6	7	90.703149	90.703150	20189	45000	true	true
"xc7s25 t06 e001 r0.1 R0.5 d10.0 D50.0 s018"	6	7	82.299718	102.091380	12114	45000	false	false
"xc7s25 t06 e001 r0.1 R0.5 d10.0 D50.0 s050"	6	7	80.126750	96.222283	51269	42000	false	false
"xc7s25 t06 e001 r0.1 R0.5 d10.0 D50.0 s051"	6	7	65.024175	65.024175	14210	42000	true	true
"xc7s25 t06 e006 r0.1 R0.5 d10.0 D50.0 s034"	6	8	134.830029	134.830029	2712	46000	true	true
"xc7s25 t06 e006 r0.1 R0.5 d10.0 D50.0 s035"	6	8	105.884545	105.884545	1687	43000	true	true
"xc7s25 t06 e006 r0.1 R0.5 d10.0 D50.0 s043"	6	8	106.861026	106.861026	2159	41000	false	true
"xc7s25 t06 e006 r0.1 R0.5 d10.0 D50.0 s042"	6	8	148.131668	148.131669	1752	44000	true	true
"xc7s25 t06 e006 r0.1 R0.5 d10.0 D50.0 s098"	6	8	103.649375	103.649375	2836	46000	false	true
"xc7s25 t06 e006 r0.1 R0.5 d10.0 D50.0 s099"	6	8	119.099862	119.099862	2105	43000	true	true
"xc7s25 t06 e006 r0.1 R0.5 d10.0 D50.0 s077"	6	8	76.249101	76.249101	2118	41000	true	true
"xc7s25 t06 e006 r0.1 R0.5 d10.0 D50.0 s076"	6	8	121.166311	121.166311	4004	47000	false	true
"xc7s25 t06 e006 r0.1 R0.5 d10.0 D50.0 s001"	6	8	110.819269	110.819269	11849	46000	false	true
"xc7s25 t06 e006 r0.1 R0.5 d10.0 D50.0 s092"	6	8	106.186916	106.186916	2851	48000	true	true
"xc7s25 t06 e006 r0.1 R0.5 d10.0 D50.0 s093"	6	8	151.738861	151.738861	3250	46000	true	true
"xc7s25 t06 e006 r0.1 R0.5 d10.0 D50.0 s049"	6	8	156.847417	156.847417	2330	42000	true	true
"xc7s25 t06 e006 r0.1 R0.5 d10.0 D50.0 s048"	6	8	89.096032	89.096033	2238	41000	true	true
"xc7s25 t06 e006 r0.1 R0.5 d10.0 D50.0 s023"	6	8	141.866449	141.866449	2628	41000	true	true
"xc7s25 t06 e006 r0.1 R0.5 d10.0 D50.0 s022"	6	8	125.493233	125.493232	2803	42000	false	true
"xc7s25 t06 e006 r0.1 R0.5 d10.0 D50.0 s054"	6	8	77.682309	77.682310	3222	48000	true	true
"xc7s25 t06 e006 r0.1 R0.5 d10.0 D50.0 s055"	6	8	142.207386	142.207387	2528	42000	true	true
"xc7s25 t06 e006 r0.1 R0.5 d10.0 D50.0 s060"	6	8	157.386105	157.386105	3388	42000	false	true
"xc7s25 t06 e006 r0.1 R0.5 d10.0 D50.0 s061"	6	8	147.957600	147.957600	2585	47000	false	true
"xc7s25 t06 e006 r0.1 R0.5 d10.0 D50.0 s029"	6	8	86.574980	86.574980	2063	46000	true	true
"xc7s25 t06 e006 r0.1 R0.5 d10.0 D50.0 s028"	6	8	129.778801	129.778801	3129	42000	true	true
"xc7s25 t06 e006 r0.1 R0.5 d10.0 D50.0 s085"	6	8	85.631034	85.631035	3331	45000	true	true
"xc7s25 t06 e006 r0.1 R0.5 d10.0 D50.0 s084"	6	8	144.832562	144.832562	3052	47000	false	true
"xc7s25 t06 e006 r0.1 R0.5 d10.0 D50.0 s017"	6	8	101.825559	101.825560	2392	42000	true	true
"xc7s25 t06 e006 r0.1 R0.5 d10.0 D50.0 s016"	6	8	130.640039	130.640039	3571	45000	true	true
"xc7s25 t06 e006 r0.1 R0.5 d10.0 D50.0 s024"	6	8	100.145874	100.145875	1367	43000	true	true
"xc7s25 t06 e006 r0.1 R0.5 d10.0 D50.0 s025"	6	8	127.673237	127.673237	2949	45000	true	true
"xc7s25 t06 e006 r0.1 R0.5 d10.0 D50.0 s088"	6	8	102.792596	102.792596	3074	47000	false	true
"xc7s25 t06 e006 r0.1 R0.5 d10.0 D50.0 s089"	6	8	112.228296	112.228297	1921	43000	true	true
"xc7s25 t06 e006 r0.1 R0.5 d10.0 D50.0 s053"	6	8	118.810193	118.810194	1752	42000	false	true
"xc7s25 t06 e006 r0.1 R0.5 d10.0 D50.0 s052"	6	8	89.603469	89.603469	2580	46000	true	true
"xc7s25 t06 e006 r0.1 R0.5 d10.0 D50.0 s067"	6	8	94.877229	94.877229	3532	45000	true	true
"xc7s25 t06 e006 r0.1 R0.5 d10.0 D50.0 s066"	6	8	90.224673	90.224674	2351	43000	true	true
"xc7s25 t06 e006 r0.1 R0.5 d10.0 D50.0 s059"	6	8	128.792762	128.792762	2223	46000	true	true
"xc7s25 t06 e006 r0.1 R0.5 d10.0 D50.0 s058"	6	8	104.831303	104.831303	2414	42000	false	true
"xc7s25 t06 e006 r0.1 R0.5 d10.0 D50.0 s010"	6	8	119.716854	119.716854	3957	45000	true	true
"xc7s25 t06 e006 r0.1 R0.5 d10.0 D50.0 s011"	6	8	112.581291	112.581291	1022	46000	true	true
"xc7s25 t06 e006 r0.1 R0.5 d10.0 D50.0 s082"	6	8	104.066189	104.066189	2631	41000	true	true
"xc7s25 t06 e006 r0.1 R0.5 d10.0 D50.0 s083"	6	8	158.499616	158.499617	2685	45000	true	true
"xc7s25 t06 e006 r0.1 R0.5 d10.0 D50.0 s033"	6	8	134.570018	134.570017	2802	44000	true	true
"xc7s25 t06 e006 r0.1 R0.5 d10.0 D50.0 s032"	6	8	100.833109	100.833110	2432	45000	true	true
"xc7s25 t06 e006 r0.1 R0.5 d10.0 D50.0 s044"	6	8	137.532394	137.532394	2609	47000	true	true
"xc7s25 t06 e006 r0.1 R0.5 d10.0 D50.0 s045"	6	8	118.103805	118.103804	2770	41000	true	true
"xc7s25 t06 e006 r0.1 R0.5 d10.0 D50.0 s039"	6	8	113.705718	113.705718	2025	46000	false	true
"xc7s25 t06 e006 r0.1 R0.5 d10.0 D50.0 s038"	6	8	133.876819	133.876820	2943	46000	true	true
"xc7s25 t06 e006 r0.1 R0.5 d10.0 D50.0 s070"	6	8	124.350840	124.350840	2573	47000	true	true
"xc7s25 t06 e006 r0.1 R0.5 d10.0 D50.0 s071"	6	8	109.378500	109.378501	2580	46000	true	true
"xc7s25 t06 e006 r0.1 R0.5 d10.0 D50.0 s095"	6	8	112.079275	112.079275	4116	44000	true	true
"xc7s25 t06 e006 r0.1 R0.5 d10.0 D50.0 s094"	6	8	106.539539	106.539538	2257	47000	false	true
"xc7s25 t06 e006 r0.1 R0.5 d10.0 D50.0 s007"	6	8	81.091745	81.091746	2203	44000	true	true
"xc7s25 t06 e006 r0.1 R0.5 d10.0 D50.0 s006"	6	8	132.880014	132.880014	2562	41000	true	true
"xc7s25 t06 e006 r0.1 R0.5 d10.0 D50.0 s063"	6	8	124.994421	124.994421	2024	46000	true	true
"xc7s25 t06 e006 r0.1 R0.5 d10.0 D50.0 s062"	6	8	127.162489	127.162489	2817	46000	true	true
"xc7s25 t06 e006 r0.1 R0.5 d10.0 D50.0 s086"	6	8	128.186740	128.186740	2479	46000	true	true
"xc7s25 t06 e006 r0.1 R0.5 d10.0 D50.0 s087"	6	8	88.146161	88.146161	2754	47000	true	true
"xc7s25 t06 e006 r0.1 R0.5 d10.0 D50.0 s014"	6	8	84.499048	84.499048	3287	47000	true	true
"xc7s25 t06 e006 r0.1 R0.5 d10.0 D50.0 s015"	6	8	145.568382	145.568383	2146	48000	true	true
"xc7s25 t06 e006 r0.1 R0.5 d10.0 D50.0 s020"	6	8	118.590096	118.590096	1798	47000	true	true
"xc7s25 t06 e006 r0.1 R0.5 d10.0 D50.0 s021"	6	8	133.480268	133.480268	2993	42000	true	true
"xc7s25 t06 e006 r0.1 R0.5 d10.0 D50.0 s069"	6	8	70.265206	70.265205	2513	47000	true	true
"xc7s25 t06 e006 r0.1 R0.5 d10.0 D50.0 s068"	6	8	88.070689	88.070689	2007	46000	true	true
"xc7s25 t06 e006 r0.1 R0.5 d10.0 D50.0 s057"	6	8	72.135212	72.135211	2435	41000	false	true
"xc7s25 t06 e006 r0.1 R0.5 d10.0 D50.0 s056"	6	8	150.890205	150.890205	3112	44000	true	true
"xc7s25 t06 e006 r0.1 R0.5 d10.0 D50.0 s074"	6	8	141.843572	141.843573	2668	42000	true	true
"xc7s25 t06 e006 r0.1 R0.5 d10.0 D50.0 s075"	6	8	104.265225	104.265226	4182	43000	true	true
"xc7s25 t06 e006 r0.1 R0.5 d10.0 D50.0 s003"	6	8	126.663234	126.663233	2289	41000	true	true
"xc7s25 t06 e006 r0.1 R0.5 d10.0 D50.0 s002"	6	8	127.198901	127.198901	8652	46000	true	true
"xc7s25 t06 e006 r0.1 R0.5 d10.0 D50.0 s091"	6	8	110.175519	110.175519	3698	42000	true	true
"xc7s25 t06 e006 r0.1 R0.5 d10.0 D50.0 s090"	6	8	126.501506	126.501506	2328	42000	true	true
"xc7s25 t06 e006 r0.1 R0.5 d10.0 D50.0 s037"	6	8	118.669678	118.669678	2819	45000	true	true
"xc7s25 t06 e006 r0.1 R0.5 d10.0 D50.0 s036"	6	8	115.663892	115.663892	2125	47000	true	true
"xc7s25 t06 e006 r0.1 R0.5 d10.0 D50.0 s040"	6	8	114.731179	114.731179	2042	46000	true	true
"xc7s25 t06 e006 r0.1 R0.5 d10.0 D50.0 s041"	6	8	117.176661	117.176661	3716	46000	true	true
"xc7s25 t06 e006 r0.1 R0.5 d10.0 D50.0 s100"	6	8	125.310453	125.310452	2771	42000	true	true
"xc7s25 t06 e006 r0.1 R0.5 d10.0 D50.0 s009"	6	8	146.591356	146.591356	2501	42000	true	true
"xc7s25 t06 e006 r0.1 R0.5 d10.0 D50.0 s008"	6	8	160.021715	160.021715	1681	42000	true	true
"xc7s25 t06 e006 r0.1 R0.5 d10.0 D50.0 s073"	6	8	134.747570	134.747570	2997	45000	true	true
"xc7s25 t06 e006 r0.1 R0.5 d10.0 D50.0 s072"	6	8	153.332180	153.332180	2925	42000	true	true
"xc7s25 t06 e006 r0.1 R0.5 d10.0 D50.0 s096"	6	8	76.524622	76.524622	2223	43000	true	true
"xc7s25 t06 e006 r0.1 R0.5 d10.0 D50.0 s097"	6	8	72.577096	72.577096	2941	46000	true	true
"xc7s25 t06 e006 r0.1 R0.5 d10.0 D50.0 s004"	6	8	170.691321	170.691322	3717	46000	true	true
"xc7s25 t06 e006 r0.1 R0.5 d10.0 D50.0 s005"	6	8	119.892966	119.892966	3621	47000	false	true
"xc7s25 t06 e006 r0.1 R0.5 d10.0 D50.0 s079"	6	8	100.629971	100.629972	2470	42000	true	true
"xc7s25 t06 e006 r0.1 R0.5 d10.0 D50.0 s078"	6	8	84.617657	84.617658	2313	42000	false	true
"xc7s25 t06 e006 r0.1 R0.5 d10.0 D50.0 s030"	6	8	83.428844	83.428843	2389	48000	true	true
"xc7s25 t06 e006 r0.1 R0.5 d10.0 D50.0 s031"	6	8	150.785786	150.785787	2790	43000	false	true
"xc7s25 t06 e006 r0.1 R0.5 d10.0 D50.0 s047"	6	8	129.951764	129.951764	2336	47000	false	true
"xc7s25 t06 e006 r0.1 R0.5 d10.0 D50.0 s046"	6	8	144.187296	144.187296	1673	42000	true	true
"xc7s25 t06 e006 r0.1 R0.5 d10.0 D50.0 s064"	6	8	96.984323	96.984323	2528	45000	true	true
"xc7s25 t06 e006 r0.1 R0.5 d10.0 D50.0 s065"	6	8	117.086243	117.086244	2367	46000	true	true
"xc7s25 t06 e006 r0.1 R0.5 d10.0 D50.0 s013"	6	8	116.653018	116.653017	3042	47000	true	true
"xc7s25 t06 e006 r0.1 R0.5 d10.0 D50.0 s012"	6	8	97.342990	97.342989	2117	43000	true	true
"xc7s25 t06 e006 r0.1 R0.5 d10.0 D50.0 s081"	6	8	117.727989	117.727989	2027	40000	true	true
"xc7s25 t06 e006 r0.1 R0.5 d10.0 D50.0 s080"	6	8	147.612795	147.612795	2587	46000	false	true
"xc7s25 t06 e006 r0.1 R0.5 d10.0 D50.0 s027"	6	8	129.286416	129.286416	2555	41000	true	true
"xc7s25 t06 e006 r0.1 R0.5 d10.0 D50.0 s026"	6	8	134.269170	134.269170	2398	42000	false	true
"xc7s25 t06 e006 r0.1 R0.5 d10.0 D50.0 s019"	6	8	165.732613	165.732613	1875	47000	true	true
"xc7s25 t06 e006 r0.1 R0.5 d10.0 D50.0 s018"	6	8	116.844767	116.844766	2728	46000	false	true
"xc7s25 t06 e006 r0.1 R0.5 d10.0 D50.0 s050"	6	8	112.127547	112.127547	2622	43000	true	true
"xc7s25 t06 e006 r0.1 R0.5 d10.0 D50.0 s051"	6	8	145.279154	145.279155	2293	42000	false	true
"xc7s25 t06 e000 r0.1 R0.5 d10.0 D50.0 s034"	6	8	76.190508	76.190508	11997	44000	false	true
"xc7s25 t06 e000 r0.1 R0.5 d10.0 D50.0 s035"	6	8	62.905368	62.905368	5613	45000	false	true
"xc7s25 t06 e000 r0.1 R0.5 d10.0 D50.0 s043"	6	8	60.580379	60.580380	4093	42000	false	true
"xc7s25 t06 e000 r0.1 R0.5 d10.0 D50.0 s042"	6	8	78.246091	78.246091	5923	41000	true	true
"xc7s25 t06 e000 r0.1 R0.5 d10.0 D50.0 s098"	6	8	53.937687	53.937687	8889	42000	true	true
"xc7s25 t06 e000 r0.1 R0.5 d10.0 D50.0 s099"	6	8	70.641844	70.641844	7763	47000	false	true
"xc7s25 t06 e000 r0.1 R0.5 d10.0 D50.0 s077"	6	8	40.875469	40.875469	6870	44000	true	true
"xc7s25 t06 e000 r0.1 R0.5 d10.0 D50.0 s076"	6	8	53.217534	53.217534	8452	43000	false	true
"xc7s25 t06 e000 r0.1 R0.5 d10.0 D50.0 s001"	6	8	56.142553	56.142553	3690	42000	true	true
"xc7s25 t06 e000 r0.1 R0.5 d10.0 D50.0 s092"	6	8	60.808925	60.808925	5443	41000	false	true
"xc7s25 t06 e000 r0.1 R0.5 d10.0 D50.0 s093"	6	8	49.127058	49.127058	2838	41000	true	true
"xc7s25 t06 e000 r0.1 R0.5 d10.0 D50.0 s049"	6	8	85.711314	85.711314	7475	42000	true	true
"xc7s25 t06 e000 r0.1 R0.5 d10.0 D50.0 s048"	6	8	60.720017	60.720018	8413	42000	false	true
"xc7s25 t06 e000 r0.1 R0.5 d10.0 D50.0 s023"	6	8	87.996632	87.996632	4997	42000	true	true
"xc7s25 t06 e000 r0.1 R0.5 d10.0 D50.0 s022"	6	8	71.902575	71.902574	5715	46000	false	true
"xc7s25 t06 e000 r0.1 R0.5 d10.0 D50.0 s054"	6	8	41.762982	41.762982	5839	46000	false	true
"xc7s25 t06 e000 r0.1 R0.5 d10.0 D50.0 s055"	6	8	82.837881	82.837882	3404	42000	false	true
"xc7s25 t06 e000 r0.1 R0.5 d10.0 D50.0 s060"	6	8	88.389802	88.389802	5357	43000	false	true
"xc7s25 t06 e000 r0.1 R0.5 d10.0 D50.0 s061"	6	8	88.582252	88.582252	7537	46000	false	true
"xc7s25 t06 e000 r0.1 R0.5 d10.0 D50.0 s029"	6	8	53.423248	53.423248	5636	42000	true	true
"xc7s25 t06 e000 r0.1 R0.5 d10.0 D50.0 s028"	6	8	66.065068	66.065067	210	45000	false	true
"xc7s25 t06 e000 r0.1 R0.5 d10.0 D50.0 s085"	6	8	54.651281	54.651281	3106	43000	true	true
"xc7s25 t06 e000 r0.1 R0.5 d10.0 D50.0 s084"	6	8	71.447803	71.447803	2917	41000	true	true
"xc7s25 t06 e000 r0.1 R0.5 d10.0 D50.0 s017"	6	8	54.924059	54.924060	6809	41000	false	true
"xc7s25 t06 e000 r0.1 R0.5 d10.0 D50.0 s016"	6	8	74.192630	74.192631	9142	45000	true	true
"xc7s25 t06 e000 r0.1 R0.5 d10.0 D50.0 s024"	6	8	57.736354	57.736355	4196	43000	false	true
"xc7s25 t06 e000 r0.1 R0.5 d10.0 D50.0 s025"	6	8	69.155740	69.155740	6217	45000	false	true
"xc7s25 t06 e000 r0.1 R0.5 d10.0 D50.0 s088"	6	8	54.128473	54.128472	0	42000	false	true
"xc7s25 t06 e000 r0.1 R0.5 d10.0 D50.0 s089"	6	8	62.952621	62.952621	5263	43000	false	true
"xc7s25 t06 e000 r0.1 R0.5 d10.0 D50.0 s053"	6	8	57.462382	57.462383	4177	45000	true	true
"xc7s25 t06 e000 r0.1 R0.5 d10.0 D50.0 s052"	6	8	51.542394	51.542394	746	42000	true	true
"xc7s25 t06 e000 r0.1 R0.5 d10.0 D50.0 s067"	6	8	44.739495	44.739495	7026	41000	true	true
"xc7s25 t06 e000 r0.1 R0.5 d10.0 D50.0 s066"	6	8	64.257532	64.257533	13046	42000	false	true
"xc7s25 t06 e000 r0.1 R0.5 d10.0 D50.0 s059"	6	8	69.716099	69.716099	5002	46000	true	true
"xc7s25 t06 e000 r0.1 R0.5 d10.0 D50.0 s058"	6	8	55.368704	55.368704	2643	47000	false	true
"xc7s25 t06 e000 r0.1 R0.5 d10.0 D50.0 s010"	6	8	68.407113	68.407113	7953	42000	false	true
"xc7s25 t06 e000 r0.1 R0.5 d10.0 D50.0 s011"	6	8	43.082427	43.082427	1357	43000	true	true
"xc7s25 t06 e000 r0.1 R0.5 d10.0 D50.0 s082"	6	8	59.666277	59.666277	8162	44000	false	true
"xc7s25 t06 e000 r0.1 R0.5 d10.0 D50.0 s083"	6	8	79.712182	79.712182	2903	46000	false	true
"xc7s25 t06 e000 r0.1 R0.5 d10.0 D50.0 s033"	6	8	69.634072	69.634071	3951	45000	false	true
"xc7s25 t06 e000 r0.1 R0.5 d10.0 D50.0 s032"	6	8	59.944534	59.944534	6066	44000	false	true
"xc7s25 t06 e000 r0.1 R0.5 d10.0 D50.0 s044"	6	8	77.212276	77.212275	7828	42000	false	true
"xc7s25 t06 e000 r0.1 R0.5 d10.0 D50.0 s045"	6	8	69.830206	69.830206	5530	47000	true	true
"xc7s25 t06 e000 r0.1 R0.5 d10.0 D50.0 s039"	6	8	53.294977	53.294977	4553	43000	true	true
"xc7s25 t06 e000 r0.1 R0.5 d10.0 D50.0 s038"	6	8	67.086795	67.086795	6387	41000	false	true
"xc7s25 t06 e000 r0.1 R0.5 d10.0 D50.0 s070"	6	8	64.252461	64.252461	8882	42000	false	true
"xc7s25 t06 e000 r0.1 R0.5 d10.0 D50.0 s071"	6	8	64.962272	64.962273	6883	46000	true	true
"xc7s25 t06 e000 r0.1 R0.5 d10.0 D50.0 s095"	6	8	50.173231	50.173231	7080	42000	true	true
"xc7s25 t06 e000 r0.1 R0.5 d10.0 D50.0 s094"	6	8	53.950530	53.950530	5033	45000	true	true
"xc7s25 t06 e000 r0.1 R0.5 d10.0 D50.0 s007"	6	8	44.007118	44.007119	7501	45000	true	true
"xc7s25 t06 e000 r0.1 R0.5 d10.0 D50.0 s006"	6	8	61.465100	61.465100	3496	46000	false	true
"xc7s25 t06 e000 r0.1 R0.5 d10.0 D50.0 s063"	6	8	70.971602	70.971602	8350	45000	false	true
"xc7s25 t06 e000 r0.1 R0.5 d10.0 D50.0 s062"	6	8	76.080922	76.080922	7249	42000	true	true
"xc7s25 t06 e000 r0.1 R0.5 d10.0 D50.0 s086"	6	8	72.695978	72.695979	5026	41000	false	true
"xc7s25 t06 e000 r0.1 R0.5 d10.0 D50.0 s087"	6	8	39.925331	39.925331	5164	45000	false	true
"xc7s25 t06 e000 r0.1 R0.5 d10.0 D50.0 s014"	6	8	54.638164	54.638164	12996	45000	false	true
"xc7s25 t06 e000 r0.1 R0.5 d10.0 D50.0 s015"	6	8	75.641582	75.641583	11313	46000	true	true
"xc7s25 t06 e000 r0.1 R0.5 d10.0 D50.0 s020"	6	8	71.452903	71.452903	8950	43000	false	true
"xc7s25 t06 e000 r0.1 R0.5 d10.0 D50.0 s021"	6	8	74.384670	74.384670	3971	44000	false	true
"xc7s25 t06 e000 r0.1 R0.5 d10.0 D50.0 s069"	6	8	43.540105	43.540105	6643	45000	true	true
"xc7s25 t06 e000 r0.1 R0.5 d10.0 D50.0 s068"	6	8	53.520685	53.520685	3917	46000	true	true
"xc7s25 t06 e000 r0.1 R0.5 d10.0 D50.0 s057"	6	8	48.588278	48.588278	6961	46000	true	true
"xc7s25 t06 e000 r0.1 R0.5 d10.0 D50.0 s056"	6	8	79.646118	79.646118	5393	44000	false	true
"xc7s25 t06 e000 r0.1 R0.5 d10.0 D50.0 s074"	6	8	74.193079	74.193080	8311	45000	true	true
"xc7s25 t06 e000 r0.1 R0.5 d10.0 D50.0 s075"	6	8	51.472526	51.472526	8823	45000	true	true
"xc7s25 t06 e000 r0.1 R0.5 d10.0 D50.0 s003"	6	8	73.710961	73.710961	4332	43000	false	true
"xc7s25 t06 e000 r0.1 R0.5 d10.0 D50.0 s002"	6	8	67.853250	67.853250	6864	42000	true	true
"xc7s25 t06 e000 r0.1 R0.5 d10.0 D50.0 s091"	6	8	62.010701	62.010701	7203	43000	false	true
"xc7s25 t06 e000 r0.1 R0.5 d10.0 D50.0 s090"	6	8	73.867748	73.867748	8142	45000	false	true
"xc7s25 t06 e000 r0.1 R0.5 d10.0 D50.0 s037"	6	8	70.515634	70.515634	9169	42000	false	true
"xc7s25 t06 e000 r0.1 R0.5 d10.0 D50.0 s036"	6	8	68.145801	68.145801	7140	44000	true	true
"xc7s25 t06 e000 r0.1 R0.5 d10.0 D50.0 s040"	6	8	41.179582	41.179582	3869	42000	true	true
"xc7s25 t06 e000 r0.1 R0.5 d10.0 D50.0 s041"	6	8	67.024130	67.024130	9728	45000	false	true
"xc7s25 t06 e000 r0.1 R0.5 d10.0 D50.0 s100"	6	8	68.025183	68.025182	13848	45000	true	true
"xc7s25 t06 e000 r0.1 R0.5 d10.0 D50.0 s009"	6	8	82.612886	82.612886	6827	44000	true	true
"xc7s25 t06 e000 r0.1 R0.5 d10.0 D50.0 s008"	6	8	86.599746	86.599746	14050	41000	false	true
"xc7s25 t06 e000 r0.1 R0.5 d10.0 D50.0 s073"	6	8	60.455352	60.455352	5362	44000	false	true
"xc7s25 t06 e000 r0.1 R0.5 d10.0 D50.0 s072"	6	8	80.124988	80.124988	4684	42000	false	true
"xc7s25 t06 e000 r0.1 R0.5 d10.0 D50.0 s096"	6	8	38.747955	38.747955	7571	46000	true	true
"xc7s25 t06 e000 r0.1 R0.5 d10.0 D50.0 s097"	6	8	38.482678	38.482678	7315	42000	true	true
"xc7s25 t06 e000 r0.1 R0.5 d10.0 D50.0 s004"	6	8	88.124134	88.124134	5139	41000	true	true
"xc7s25 t06 e000 r0.1 R0.5 d10.0 D50.0 s005"	6	8	62.017777	62.017777	5604	42000	false	true
"xc7s25 t06 e000 r0.1 R0.5 d10.0 D50.0 s079"	6	8	52.852716	52.852716	5667	41000	false	true
"xc7s25 t06 e000 r0.1 R0.5 d10.0 D50.0 s078"	6	8	37.413736	37.413736	3521	43000	false	true
"xc7s25 t06 e000 r0.1 R0.5 d10.0 D50.0 s030"	6	8	45.792859	45.792859	5254	41000	true	true
"xc7s25 t06 e000 r0.1 R0.5 d10.0 D50.0 s031"	6	8	77.434151	77.434151	3815	41000	false	true
"xc7s25 t06 e000 r0.1 R0.5 d10.0 D50.0 s047"	6	8	64.697776	64.697776	3327	45000	false	true
"xc7s25 t06 e000 r0.1 R0.5 d10.0 D50.0 s046"	6	8	81.825287	81.825287	6030	42000	false	true
"xc7s25 t06 e000 r0.1 R0.5 d10.0 D50.0 s064"	6	8	57.986445	57.986445	8397	45000	false	true
"xc7s25 t06 e000 r0.1 R0.5 d10.0 D50.0 s065"	6	8	61.861002	61.861002	9018	46000	false	true
"xc7s25 t06 e000 r0.1 R0.5 d10.0 D50.0 s013"	6	8	60.871188	60.871187	6238	45000	false	true
"xc7s25 t06 e000 r0.1 R0.5 d10.0 D50.0 s012"	6	8	52.991866	52.991865	4639	46000	true	true
"xc7s25 t06 e000 r0.1 R0.5 d10.0 D50.0 s081"	6	8	74.409847	74.409847	4443	46000	true	true
"xc7s25 t06 e000 r0.1 R0.5 d10.0 D50.0 s080"	6	8	88.462717	88.462717	2739	43000	true	true
"xc7s25 t06 e000 r0.1 R0.5 d10.0 D50.0 s027"	6	8	73.561918	73.561918	8526	47000	true	true
"xc7s25 t06 e000 r0.1 R0.5 d10.0 D50.0 s026"	6	8	84.939289	84.939289	6336	46000	true	true
"xc7s25 t06 e000 r0.1 R0.5 d10.0 D50.0 s019"	6	8	90.703149	90.703150	6368	41000	true	true
"xc7s25 t06 e000 r0.1 R0.5 d10.0 D50.0 s018"	6	8	64.540314	64.540314	9535	44000	true	true
"xc7s25 t06 e000 r0.1 R0.5 d10.0 D50.0 s050"	6	8	61.414711	61.414711	7819	42000	false	true
"xc7s25 t06 e000 r0.1 R0.5 d10.0 D50.0 s051"	6	8	65.024175	65.024175	2996	46000	true	true
"xc7s25 t06 e005 r0.1 R0.5 d10.0 D50.0 s034"	6	7	134.830029	134.830029	2656	46000	true	true
"xc7s25 t06 e005 r0.1 R0.5 d10.0 D50.0 s035"	6	7	105.884545	105.884545	1647	43000	true	true
"xc7s25 t06 e005 r0.1 R0.5 d10.0 D50.0 s043"	6	8	88.689480	88.689480	1326	46000	false	true
"xc7s25 t06 e005 r0.1 R0.5 d10.0 D50.0 s042"	6	7	148.131668	148.131669	1719	42000	true	true
"xc7s25 t06 e005 r0.1 R0.5 d10.0 D50.0 s098"	6	7	103.649375	103.649375	2639	46000	true	true
"xc7s25 t06 e005 r0.1 R0.5 d10.0 D50.0 s099"	6	7	119.099862	119.099862	2188	43000	true	true
"xc7s25 t06 e005 r0.1 R0.5 d10.0 D50.0 s077"	6	7	61.210171	76.249101	2761	45000	false	false
"xc7s25 t06 e005 r0.1 R0.5 d10.0 D50.0 s076"	6	7	121.166311	121.166311	3967	41000	false	true
"xc7s25 t06 e005 r0.1 R0.5 d10.0 D50.0 s001"	6	8	79.882594	79.882594	11215	46000	true	true
"xc7s25 t06 e005 r0.1 R0.5 d10.0 D50.0 s092"	6	7	106.186916	106.186916	2207	43000	true	true
"xc7s25 t06 e005 r0.1 R0.5 d10.0 D50.0 s093"	6	7	110.340598	110.340598	1849	47000	true	true
"xc7s25 t06 e005 r0.1 R0.5 d10.0 D50.0 s049"	6	8	118.814774	118.814774	0	46000	true	true
"xc7s25 t06 e005 r0.1 R0.5 d10.0 D50.0 s048"	6	8	76.391885	76.391886	0	42000	true	true
"xc7s25 t06 e005 r0.1 R0.5 d10.0 D50.0 s023"	6	7	141.866449	141.866449	2647	42000	true	true
"xc7s25 t06 e005 r0.1 R0.5 d10.0 D50.0 s022"	6	7	125.493233	125.493232	2614	42000	false	true
"xc7s25 t06 e005 r0.1 R0.5 d10.0 D50.0 s054"	6	8	60.052878	60.052879	2829	47000	true	true
"xc7s25 t06 e005 r0.1 R0.5 d10.0 D50.0 s055"	6	7	142.207386	142.207387	3505	44000	true	true
"xc7s25 t06 e005 r0.1 R0.5 d10.0 D50.0 s060"	6	7	157.386105	157.386105	3418	46000	false	true
"xc7s25 t06 e005 r0.1 R0.5 d10.0 D50.0 s061"	6	7	135.382497	147.957600	2033	45000	false	false
"xc7s25 t06 e005 r0.1 R0.5 d10.0 D50.0 s029"	6	7	86.574980	86.574980	1999	43000	true	true
"xc7s25 t06 e005 r0.1 R0.5 d10.0 D50.0 s028"	6	8	98.177679	98.177679	2475	49000	false	true
"xc7s25 t06 e005 r0.1 R0.5 d10.0 D50.0 s085"	6	8	64.749817	64.749817	2751	47000	true	true
"xc7s25 t06 e005 r0.1 R0.5 d10.0 D50.0 s084"	6	7	144.832562	144.832562	3030	46000	false	true
"xc7s25 t06 e005 r0.1 R0.5 d10.0 D50.0 s017"	6	8	81.482780	81.482781	2997	47000	true	true
"xc7s25 t06 e005 r0.1 R0.5 d10.0 D50.0 s016"	6	8	96.759176	130.640039	3615	47000	false	false
"xc7s25 t06 e005 r0.1 R0.5 d10.0 D50.0 s024"	6	7	100.145874	100.145875	1858	43000	true	true
"xc7s25 t06 e005 r0.1 R0.5 d10.0 D50.0 s025"	6	7	102.807904	127.673237	3514	43000	false	false
"xc7s25 t06 e005 r0.1 R0.5 d10.0 D50.0 s088"	6	7	102.792596	102.792596	1988	47000	false	true
"xc7s25 t06 e005 r0.1 R0.5 d10.0 D50.0 s089"	6	8	94.336927	94.336927	1453	42000	true	true
"xc7s25 t06 e005 r0.1 R0.5 d10.0 D50.0 s053"	6	7	106.946617	118.810194	1891	41000	false	false
"xc7s25 t06 e005 r0.1 R0.5 d10.0 D50.0 s052"	6	7	89.603469	89.603469	0	45000	true	true
"xc7s25 t06 e005 r0.1 R0.5 d10.0 D50.0 s067"	6	7	69.860400	94.877229	2295	45000	false	false
"xc7s25 t06 e005 r0.1 R0.5 d10.0 D50.0 s066"	6	7	90.224673	90.224674	2449	46000	true	true
"xc7s25 t06 e005 r0.1 R0.5 d10.0 D50.0 s059"	6	8	104.348374	104.348374	1522	41000	true	true
"xc7s25 t06 e005 r0.1 R0.5 d10.0 D50.0 s058"	6	8	93.449467	104.831303	2724	43000	false	false
"xc7s25 t06 e005 r0.1 R0.5 d10.0 D50.0 s010"	6	8	92.602195	119.716854	2533	41000	false	false
"xc7s25 t06 e005 r0.1 R0.5 d10.0 D50.0 s011"	6	7	112.581291	112.581291	1429	42000	true	true
"xc7s25 t06 e005 r0.1 R0.5 d10.0 D50.0 s082"	6	7	89.326195	89.326195	1971	43000	true	true
"xc7s25 t06 e005 r0.1 R0.5 d10.0 D50.0 s083"	6	8	128.190379	158.499617	3162	45000	false	false
"xc7s25 t06 e005 r0.1 R0.5 d10.0 D50.0 s033"	6	7	134.570018	134.570017	1506	42000	true	true
"xc7s25 t06 e005 r0.1 R0.5 d10.0 D50.0 s032"	6	8	79.183099	79.183100	0	42000	true	true
"xc7s25 t06 e005 r0.1 R0.5 d10.0 D50.0 s044"	6	7	137.532394	137.532394	2541	42000	true	true
"xc7s25 t06 e005 r0.1 R0.5 d10.0 D50.0 s045"	6	7	101.446027	101.446027	3033	41000	true	true
"xc7s25 t06 e005 r0.1 R0.5 d10.0 D50.0 s039"	6	8	77.906948	113.705718	2490	46000	false	false
"xc7s25 t06 e005 r0.1 R0.5 d10.0 D50.0 s038"	6	7	133.876819	133.876820	2920	46000	true	true
"xc7s25 t06 e005 r0.1 R0.5 d10.0 D50.0 s070"	6	7	124.350840	124.350840	2468	42000	true	true
"xc7s25 t06 e005 r0.1 R0.5 d10.0 D50.0 s071"	6	7	109.378500	109.378501	3291	46000	true	true
"xc7s25 t06 e005 r0.1 R0.5 d10.0 D50.0 s095"	6	7	83.060948	83.060949	2101	43000	false	true
"xc7s25 t06 e005 r0.1 R0.5 d10.0 D50.0 s094"	6	8	81.063711	81.063710	2907	41000	true	true
"xc7s25 t06 e005 r0.1 R0.5 d10.0 D50.0 s007"	6	7	81.091745	81.091746	2751	45000	true	true
"xc7s25 t06 e005 r0.1 R0.5 d10.0 D50.0 s006"	6	8	117.133805	117.133805	1973	42000	true	true
"xc7s25 t06 e005 r0.1 R0.5 d10.0 D50.0 s063"	6	7	124.994421	124.994421	1997	43000	true	true
"xc7s25 t06 e005 r0.1 R0.5 d10.0 D50.0 s062"	6	7	127.162489	127.162489	2816	47000	true	true
"xc7s25 t06 e005 r0.1 R0.5 d10.0 D50.0 s086"	6	7	128.186740	128.186740	2418	46000	true	true
"xc7s25 t06 e005 r0.1 R0.5 d10.0 D50.0 s087"	6	7	67.763936	88.146161	0	46000	false	false
"xc7s25 t06 e005 r0.1 R0.5 d10.0 D50.0 s014"	6	7	84.499048	84.499048	3305	46000	true	true
"xc7s25 t06 e005 r0.1 R0.5 d10.0 D50.0 s015"	6	8	117.852211	117.852212	3189	43000	true	true
"xc7s25 t06 e005 r0.1 R0.5 d10.0 D50.0 s020"	6	8	93.835425	93.835425	1697	45000	true	true
"xc7s25 t06 e005 r0.1 R0.5 d10.0 D50.0 s021"	6	8	108.005629	133.480268	0	46000	false	false
"xc7s25 t06 e005 r0.1 R0.5 d10.0 D50.0 s069"	6	7	59.127478	70.265205	2106	42000	false	false
"xc7s25 t06 e005 r0.1 R0.5 d10.0 D50.0 s068"	6	7	64.776790	88.070689	3909	47000	false	false
"xc7s25 t06 e005 r0.1 R0.5 d10.0 D50.0 s057"	6	7	72.135212	72.135211	2402	45000	false	true
"xc7s25 t06 e005 r0.1 R0.5 d10.0 D50.0 s056"	6	7	117.952593	117.952593	2516	45000	true	true
"xc7s25 t06 e005 r0.1 R0.5 d10.0 D50.0 s074"	6	7	141.843572	141.843573	2671	45000	true	true
"xc7s25 t06 e005 r0.1 R0.5 d10.0 D50.0 s075"	6	7	78.007448	104.265226	2059	45000	false	false
"xc7s25 t06 e005 r0.1 R0.5 d10.0 D50.0 s003"	6	8	108.691650	108.691649	3239	45000	true	true
"xc7s25 t06 e005 r0.1 R0.5 d10.0 D50.0 s002"	6	7	127.198901	127.198901	8679	47000	true	true
"xc7s25 t06 e005 r0.1 R0.5 d10.0 D50.0 s091"	6	8	98.956273	110.175519	2813	43000	false	false
"xc7s25 t06 e005 r0.1 R0.5 d10.0 D50.0 s090"	6	7	109.600430	126.501506	2857	45000	false	false
"xc7s25 t06 e005 r0.1 R0.5 d10.0 D50.0 s037"	6	7	118.669678	118.669678	2643	43000	true	true
"xc7s25 t06 e005 r0.1 R0.5 d10.0 D50.0 s036"	6	8	96.951411	96.951411	2624	46000	true	true
"xc7s25 t06 e005 r0.1 R0.5 d10.0 D50.0 s040"	6	7	87.250264	87.250264	828	44000	true	true
"xc7s25 t06 e005 r0.1 R0.5 d10.0 D50.0 s041"	6	7	117.176661	117.176661	3692	44000	true	true
"xc7s25 t06 e005 r0.1 R0.5 d10.0 D50.0 s100"	6	8	98.624230	125.310452	1704	42000	false	false
"xc7s25 t06 e005 r0.1 R0.5 d10.0 D50.0 s009"	6	7	128.005377	146.591356	2617	45000	false	false
"xc7s25 t06 e005 r0.1 R0.5 d10.0 D50.0 s008"	6	7	160.021715	160.021715	1679	43000	true	true
"xc7s25 t06 e005 r0.1 R0.5 d10.0 D50.0 s073"	6	8	121.976349	121.976349	1754	45000	true	true
"xc7s25 t06 e005 r0.1 R0.5 d10.0 D50.0 s072"	6	7	153.332180	153.332180	2759	46000	true	true
"xc7s25 t06 e005 r0.1 R0.5 d10.0 D50.0 s096"	6	7	56.406378	76.524622	3434	47000	false	false
"xc7s25 t06 e005 r0.1 R0.5 d10.0 D50.0 s097"	6	7	72.577096	72.577096	2806	42000	true	true
"xc7s25 t06 e005 r0.1 R0.5 d10.0 D50.0 s004"	6	7	170.691321	170.691322	3711	48000	true	true
"xc7s25 t06 e005 r0.1 R0.5 d10.0 D50.0 s005"	6	7	119.892966	119.892966	3535	46000	false	true
"xc7s25 t06 e005 r0.1 R0.5 d10.0 D50.0 s079"	6	7	82.225208	82.225208	3170	48000	true	true
"xc7s25 t06 e005 r0.1 R0.5 d10.0 D50.0 s078"	6	7	84.617657	84.617658	2322	47000	false	true
"xc7s25 t06 e005 r0.1 R0.5 d10.0 D50.0 s030"	6	7	83.428844	83.428843	2359	41000	true	true
"xc7s25 t06 e005 r0.1 R0.5 d10.0 D50.0 s031"	6	8	113.623717	113.623717	2245	44000	true	true
"xc7s25 t06 e005 r0.1 R0.5 d10.0 D50.0 s047"	6	7	129.951764	129.951764	3592	42000	true	true
"xc7s25 t06 e005 r0.1 R0.5 d10.0 D50.0 s046"	6	7	144.187296	144.187296	1635	42000	true	true
"xc7s25 t06 e005 r0.1 R0.5 d10.0 D50.0 s064"	6	8	68.934098	96.984323	2463	46000	false	false
"xc7s25 t06 e005 r0.1 R0.5 d10.0 D50.0 s065"	6	7	100.952776	117.086244	2717	48000	false	false
"xc7s25 t06 e005 r0.1 R0.5 d10.0 D50.0 s013"	6	7	103.761949	116.653017	2792	42000	false	false
"xc7s25 t06 e005 r0.1 R0.5 d10.0 D50.0 s012"	6	7	97.342990	97.342989	2083	40000	true	true
"xc7s25 t06 e005 r0.1 R0.5 d10.0 D50.0 s081"	6	7	117.727989	117.727989	2023	47000	true	true
"xc7s25 t06 e005 r0.1 R0.5 d10.0 D50.0 s080"	6	7	147.612795	147.612795	3060	45000	true	true
"xc7s25 t06 e005 r0.1 R0.5 d10.0 D50.0 s027"	6	8	110.919281	110.919281	2153	43000	true	true
"xc7s25 t06 e005 r0.1 R0.5 d10.0 D50.0 s026"	6	7	134.269170	134.269170	2377	46000	false	true
"xc7s25 t06 e005 r0.1 R0.5 d10.0 D50.0 s019"	6	7	165.732613	165.732613	1836	42000	true	true
"xc7s25 t06 e005 r0.1 R0.5 d10.0 D50.0 s018"	6	8	102.091381	102.091380	3292	46000	true	true
"xc7s25 t06 e005 r0.1 R0.5 d10.0 D50.0 s050"	6	7	112.127547	112.127547	1547	43000	true	true
"xc7s25 t06 e005 r0.1 R0.5 d10.0 D50.0 s051"	6	8	104.698071	104.698072	2310	45000	true	true
"xc7s25 t06 e002 r0.1 R0.5 d10.0 D50.0 s034"	6	6	115.740911	115.740911	18297	42000	true	true
"xc7s25 t06 e002 r0.1 R0.5 d10.0 D50.0 s035"	6	6	83.431503	83.431503	13209	41000	true	true
"xc7s25 t06 e002 r0.1 R0.5 d10.0 D50.0 s043"	6	7	60.580379	60.580380	11204	44000	true	true
"xc7s25 t06 e002 r0.1 R0.5 d10.0 D50.0 s042"	6	7	78.246091	78.246091	21912	42000	true	true
"xc7s25 t06 e002 r0.1 R0.5 d10.0 D50.0 s098"	6	7	56.790164	71.156821	18942	42000	false	false
"xc7s25 t06 e002 r0.1 R0.5 d10.0 D50.0 s099"	6	7	78.267143	78.267143	15922	47000	true	true
"xc7s25 t06 e002 r0.1 R0.5 d10.0 D50.0 s077"	6	6	42.525405	42.525405	13937	46000	true	true
"xc7s25 t06 e002 r0.1 R0.5 d10.0 D50.0 s076"	6	7	69.621051	74.366538	12374	44000	false	false
"xc7s25 t06 e002 r0.1 R0.5 d10.0 D50.0 s001"	6	7	56.142553	56.142553	18936	46000	true	true
"xc7s25 t06 e002 r0.1 R0.5 d10.0 D50.0 s092"	6	6	60.808925	64.330154	11170	45000	false	false
"xc7s25 t06 e002 r0.1 R0.5 d10.0 D50.0 s093"	6	7	67.014578	67.014578	14132	42000	true	true
"xc7s25 t06 e002 r0.1 R0.5 d10.0 D50.0 s049"	6	6	115.021410	127.577321	10396	45000	false	false
"xc7s25 t06 e002 r0.1 R0.5 d10.0 D50.0 s048"	6	6	61.300291	61.300291	9836	42000	true	true
"xc7s25 t06 e002 r0.1 R0.5 d10.0 D50.0 s023"	6	6	103.648435	103.648435	11471	47000	true	true
"xc7s25 t06 e002 r0.1 R0.5 d10.0 D50.0 s022"	6	7	71.902575	94.653545	17802	47000	false	false
"xc7s25 t06 e002 r0.1 R0.5 d10.0 D50.0 s054"	6	7	41.762982	41.762982	13424	46000	true	true
"xc7s25 t06 e002 r0.1 R0.5 d10.0 D50.0 s055"	6	6	93.090400	127.888769	17343	46000	false	false
"xc7s25 t06 e002 r0.1 R0.5 d10.0 D50.0 s060"	6	7	88.929712	88.929712	21185	46000	true	true
"xc7s25 t06 e002 r0.1 R0.5 d10.0 D50.0 s061"	6	7	88.582252	88.582252	12274	45000	true	true
"xc7s25 t06 e002 r0.1 R0.5 d10.0 D50.0 s029"	6	6	75.001968	75.001967	13759	46000	false	true
"xc7s25 t06 e002 r0.1 R0.5 d10.0 D50.0 s028"	6	7	70.948342	98.177679	24631	46000	false	false
"xc7s25 t06 e002 r0.1 R0.5 d10.0 D50.0 s085"	6	6	54.651281	85.631035	16458	44000	false	false
"xc7s25 t06 e002 r0.1 R0.5 d10.0 D50.0 s084"	6	7	81.755263	96.118751	15670	45000	false	false
"xc7s25 t06 e002 r0.1 R0.5 d10.0 D50.0 s017"	6	7	63.932244	63.932244	11788	42000	true	true
"xc7s25 t06 e002 r0.1 R0.5 d10.0 D50.0 s016"	6	7	74.315965	96.635842	29319	42000	false	false
"xc7s25 t06 e002 r0.1 R0.5 d10.0 D50.0 s024"	6	7	69.104285	72.857350	22368	41000	false	false
"xc7s25 t06 e002 r0.1 R0.5 d10.0 D50.0 s025"	6	7	78.139072	78.139072	24769	46000	true	true
"xc7s25 t06 e002 r0.1 R0.5 d10.0 D50.0 s088"	6	7	68.970177	80.616614	15971	41000	false	false
"xc7s25 t06 e002 r0.1 R0.5 d10.0 D50.0 s089"	6	7	67.215640	94.336927	18938	45000	false	false
"xc7s25 t06 e002 r0.1 R0.5 d10.0 D50.0 s053"	6	7	71.018122	82.881698	30563	46000	false	false
"xc7s25 t06 e002 r0.1 R0.5 d10.0 D50.0 s052"	6	6	64.958951	64.958951	26264	45000	true	true
"xc7s25 t06 e002 r0.1 R0.5 d10.0 D50.0 s067"	6	7	55.910678	69.860400	16794	46000	false	false
"xc7s25 t06 e002 r0.1 R0.5 d10.0 D50.0 s066"	6	6	74.509691	74.509692	22644	41000	true	true
"xc7s25 t06 e002 r0.1 R0.5 d10.0 D50.0 s059"	6	7	69.716099	81.296816	20550	47000	false	false
"xc7s25 t06 e002 r0.1 R0.5 d10.0 D50.0 s058"	6	7	60.482644	71.864480	16310	44000	false	false
"xc7s25 t06 e002 r0.1 R0.5 d10.0 D50.0 s010"	6	7	79.957908	107.072567	20177	46000	false	false
"xc7s25 t06 e002 r0.1 R0.5 d10.0 D50.0 s011"	6	7	53.906415	53.906414	5481	42000	true	true
"xc7s25 t06 e002 r0.1 R0.5 d10.0 D50.0 s082"	6	6	74.406271	104.066189	15583	46000	false	false
"xc7s25 t06 e002 r0.1 R0.5 d10.0 D50.0 s083"	6	7	85.809234	116.118471	23708	44000	false	false
"xc7s25 t06 e002 r0.1 R0.5 d10.0 D50.0 s033"	6	7	69.634072	69.634071	17479	42000	true	true
"xc7s25 t06 e002 r0.1 R0.5 d10.0 D50.0 s032"	6	7	59.944534	59.944534	22182	42000	true	true
"xc7s25 t06 e002 r0.1 R0.5 d10.0 D50.0 s044"	6	6	94.465163	120.279507	19461	42000	false	false
"xc7s25 t06 e002 r0.1 R0.5 d10.0 D50.0 s045"	6	6	69.830206	69.830206	18034	40000	true	true
"xc7s25 t06 e002 r0.1 R0.5 d10.0 D50.0 s039"	6	7	66.390657	77.577456	8551	47000	false	false
"xc7s25 t06 e002 r0.1 R0.5 d10.0 D50.0 s038"	6	7	83.871672	101.101390	26115	43000	false	false
"xc7s25 t06 e002 r0.1 R0.5 d10.0 D50.0 s070"	6	6	99.777844	99.777844	24155	46000	true	true
"xc7s25 t06 e002 r0.1 R0.5 d10.0 D50.0 s071"	6	7	64.962272	64.962273	16153	47000	true	true
"xc7s25 t06 e002 r0.1 R0.5 d10.0 D50.0 s095"	6	6	83.060948	83.060949	24102	45000	true	true
"xc7s25 t06 e002 r0.1 R0.5 d10.0 D50.0 s094"	6	7	59.926856	59.926855	18450	42000	true	true
"xc7s25 t06 e002 r0.1 R0.5 d10.0 D50.0 s007"	6	6	44.007118	44.007119	29270	42000	true	true
"xc7s25 t06 e002 r0.1 R0.5 d10.0 D50.0 s006"	6	6	87.201122	90.721831	14663	46000	false	false
"xc7s25 t06 e002 r0.1 R0.5 d10.0 D50.0 s063"	6	7	79.059407	79.059407	26335	48000	true	true
"xc7s25 t06 e002 r0.1 R0.5 d10.0 D50.0 s062"	6	6	114.172294	114.172294	21504	44000	true	true
"xc7s25 t06 e002 r0.1 R0.5 d10.0 D50.0 s086"	6	7	72.695978	115.630472	13338	45000	false	false
"xc7s25 t06 e002 r0.1 R0.5 d10.0 D50.0 s087"	6	7	55.918252	76.300476	19912	44000	false	false
"xc7s25 t06 e002 r0.1 R0.5 d10.0 D50.0 s014"	6	7	60.258147	74.016085	11962	43000	false	false
"xc7s25 t06 e002 r0.1 R0.5 d10.0 D50.0 s015"	6	7	92.420442	92.420442	21194	42000	true	true
"xc7s25 t06 e002 r0.1 R0.5 d10.0 D50.0 s020"	6	7	71.452903	93.835425	25557	43000	false	false
"xc7s25 t06 e002 r0.1 R0.5 d10.0 D50.0 s021"	6	7	80.220124	105.694763	19037	45000	false	false
"xc7s25 t06 e002 r0.1 R0.5 d10.0 D50.0 s069"	6	7	48.612618	48.612618	19401	43000	true	true
"xc7s25 t06 e002 r0.1 R0.5 d10.0 D50.0 s068"	6	7	60.051618	64.736790	21323	40000	false	false
"xc7s25 t06 e002 r0.1 R0.5 d10.0 D50.0 s057"	6	7	48.588278	58.892759	26821	43000	false	false
"xc7s25 t06 e002 r0.1 R0.5 d10.0 D50.0 s056"	6	6	79.646118	125.809282	11496	46000	false	false
"xc7s25 t06 e002 r0.1 R0.5 d10.0 D50.0 s074"	6	6	114.369609	141.843573	34533	42000	false	false
"xc7s25 t06 e002 r0.1 R0.5 d10.0 D50.0 s075"	6	7	56.510383	78.007449	21956	46000	false	false
"xc7s25 t06 e002 r0.1 R0.5 d10.0 D50.0 s003"	6	6	96.785167	108.691649	20792	42000	false	false
"xc7s25 t06 e002 r0.1 R0.5 d10.0 D50.0 s002"	6	7	77.283047	99.032253	21101	46000	false	false
"xc7s25 t06 e002 r0.1 R0.5 d10.0 D50.0 s091"	6	7	62.010701	98.956273	11782	44000	false	false
"xc7s25 t06 e002 r0.1 R0.5 d10.0 D50.0 s090"	6	7	83.597065	109.560431	30994	43000	false	false
"xc7s25 t06 e002 r0.1 R0.5 d10.0 D50.0 s037"	6	6	87.315581	87.315582	21242	47000	true	true
"xc7s25 t06 e002 r0.1 R0.5 d10.0 D50.0 s036"	6	7	76.117603	96.951411	19425	42000	false	false
"xc7s25 t06 e002 r0.1 R0.5 d10.0 D50.0 s040"	6	7	73.691966	73.691966	5477	40000	true	true
"xc7s25 t06 e002 r0.1 R0.5 d10.0 D50.0 s041"	6	6	73.258725	73.258724	20808	45000	true	true
"xc7s25 t06 e002 r0.1 R0.5 d10.0 D50.0 s100"	6	7	74.837993	101.524214	19156	41000	false	false
"xc7s25 t06 e002 r0.1 R0.5 d10.0 D50.0 s009"	6	6	127.965377	127.965377	12281	45000	false	true
"xc7s25 t06 e002 r0.1 R0.5 d10.0 D50.0 s008"	6	6	87.604809	87.604808	31700	43000	true	true
"xc7s25 t06 e002 r0.1 R0.5 d10.0 D50.0 s073"	6	7	60.455352	102.611767	21408	41000	false	false
"xc7s25 t06 e002 r0.1 R0.5 d10.0 D50.0 s072"	6	7	95.730542	126.280624	13854	41000	false	false
"xc7s25 t06 e002 r0.1 R0.5 d10.0 D50.0 s096"	6	7	43.943859	43.943859	26571	42000	true	true
"xc7s25 t06 e002 r0.1 R0.5 d10.0 D50.0 s097"	6	6	57.091398	57.091398	32004	41000	true	true
"xc7s25 t06 e002 r0.1 R0.5 d10.0 D50.0 s004"	6	7	91.939718	130.963456	34287	46000	false	false
"xc7s25 t06 e002 r0.1 R0.5 d10.0 D50.0 s005"	6	7	74.362225	107.173328	16531	42000	false	false
"xc7s25 t06 e002 r0.1 R0.5 d10.0 D50.0 s079"	6	6	65.988425	82.225208	16414	44000	false	false
"xc7s25 t06 e002 r0.1 R0.5 d10.0 D50.0 s078"	6	6	47.512994	60.741284	22817	42000	false	false
"xc7s25 t06 e002 r0.1 R0.5 d10.0 D50.0 s030"	6	7	45.792859	63.445217	7951	42000	false	false
"xc7s25 t06 e002 r0.1 R0.5 d10.0 D50.0 s031"	6	6	81.313470	113.623717	14684	40000	false	false
"xc7s25 t06 e002 r0.1 R0.5 d10.0 D50.0 s047"	6	6	109.652843	129.951764	22653	41000	false	false
"xc7s25 t06 e002 r0.1 R0.5 d10.0 D50.0 s046"	6	6	97.684195	110.747065	17682	45000	false	false
"xc7s25 t06 e002 r0.1 R0.5 d10.0 D50.0 s064"	6	6	68.934098	78.813276	15276	46000	false	false
"xc7s25 t06 e002 r0.1 R0.5 d10.0 D50.0 s065"	6	6	78.034469	78.034470	15242	41000	true	true
"xc7s25 t06 e002 r0.1 R0.5 d10.0 D50.0 s013"	6	7	76.573406	76.573405	22593	40000	true	true
"xc7s25 t06 e002 r0.1 R0.5 d10.0 D50.0 s012"	6	7	57.559249	57.559249	27016	46000	true	true
"xc7s25 t06 e002 r0.1 R0.5 d10.0 D50.0 s081"	6	6	87.183828	104.994008	18268	42000	false	false
"xc7s25 t06 e002 r0.1 R0.5 d10.0 D50.0 s080"	6	7	88.462717	106.696192	14862	46000	false	false
"xc7s25 t06 e002 r0.1 R0.5 d10.0 D50.0 s027"	6	7	73.561918	102.423729	19092	42000	false	false
"xc7s25 t06 e002 r0.1 R0.5 d10.0 D50.0 s026"	6	6	98.475876	134.269170	21898	46000	false	false
"xc7s25 t06 e002 r0.1 R0.5 d10.0 D50.0 s019"	6	6	90.703149	90.703150	13327	42000	true	true
"xc7s25 t06 e002 r0.1 R0.5 d10.0 D50.0 s018"	6	6	82.299718	102.091380	17717	42000	false	false
"xc7s25 t06 e002 r0.1 R0.5 d10.0 D50.0 s050"	6	6	96.222283	96.222283	23201	46000	true	true
"xc7s25 t06 e002 r0.1 R0.5 d10.0 D50.0 s051"	6	6	98.241424	98.241425	14970	41000	true	true
"xc7s25 t06 e003 r0.1 R0.5 d10.0 D50.0 s034"	6	6	115.740911	115.740911	2076	47000	true	true
"xc7s25 t06 e003 r0.1 R0.5 d10.0 D50.0 s035"	6	6	87.276700	87.276701	0	43000	false	true
"xc7s25 t06 e003 r0.1 R0.5 d10.0 D50.0 s043"	6	7	60.580379	60.580380	1550	42000	true	true
"xc7s25 t06 e003 r0.1 R0.5 d10.0 D50.0 s042"	6	7	78.246091	78.246091	3267	44000	true	true
"xc7s25 t06 e003 r0.1 R0.5 d10.0 D50.0 s098"	6	7	71.156821	103.649375	4695	41000	false	false
"xc7s25 t06 e003 r0.1 R0.5 d10.0 D50.0 s099"	6	7	82.404600	89.989899	4229	44000	false	false
"xc7s25 t06 e003 r0.1 R0.5 d10.0 D50.0 s077"	6	6	57.604334	57.604334	2624	42000	true	true
"xc7s25 t06 e003 r0.1 R0.5 d10.0 D50.0 s076"	6	7	74.366538	74.366538	1544	42000	true	true
"xc7s25 t06 e003 r0.1 R0.5 d10.0 D50.0 s001"	6	7	79.882594	79.882594	11528	46000	false	true
"xc7s25 t06 e003 r0.1 R0.5 d10.0 D50.0 s092"	6	5	106.186916	106.186916	2258	47000	true	true
"xc7s25 t06 e003 r0.1 R0.5 d10.0 D50.0 s093"	6	6	102.611803	102.611803	969	45000	true	true
"xc7s25 t06 e003 r0.1 R0.5 d10.0 D50.0 s049"	6	6	118.814774	118.814774	1100	45000	true	true
"xc7s25 t06 e003 r0.1 R0.5 d10.0 D50.0 s048"	6	7	61.300291	61.300291	2557	42000	true	true
"xc7s25 t06 e003 r0.1 R0.5 d10.0 D50.0 s023"	6	7	103.648435	103.648435	2099	42000	true	true
"xc7s25 t06 e003 r0.1 R0.5 d10.0 D50.0 s022"	6	7	71.902575	98.516168	2470	43000	false	false
"xc7s25 t06 e003 r0.1 R0.5 d10.0 D50.0 s054"	6	7	41.762982	41.762982	2648	41000	true	true
"xc7s25 t06 e003 r0.1 R0.5 d10.0 D50.0 s055"	6	7	93.090400	127.888769	1888	45000	false	false
"xc7s25 t06 e003 r0.1 R0.5 d10.0 D50.0 s060"	6	6	107.995890	107.995890	2282	43000	true	true
"xc7s25 t06 e003 r0.1 R0.5 d10.0 D50.0 s061"	6	7	94.963659	135.382497	2195	45000	false	false
"xc7s25 t06 e003 r0.1 R0.5 d10.0 D50.0 s029"	6	6	75.001968	75.001967	1912	45000	true	true
"xc7s25 t06 e003 r0.1 R0.5 d10.0 D50.0 s028"	6	6	98.177679	98.177679	2457	45000	false	true
"xc7s25 t06 e003 r0.1 R0.5 d10.0 D50.0 s085"	6	6	64.749817	85.631035	1709	45000	false	false
"xc7s25 t06 e003 r0.1 R0.5 d10.0 D50.0 s084"	6	6	111.831111	144.832562	3375	46000	false	false
"xc7s25 t06 e003 r0.1 R0.5 d10.0 D50.0 s017"	6	7	63.932244	63.932244	1448	41000	true	true
"xc7s25 t06 e003 r0.1 R0.5 d10.0 D50.0 s016"	6	7	74.315965	108.196828	1292	46000	false	false
"xc7s25 t06 e003 r0.1 R0.5 d10.0 D50.0 s024"	6	6	72.857349	72.857350	3093	43000	true	true
"xc7s25 t06 e003 r0.1 R0.5 d10.0 D50.0 s025"	6	7	78.139072	78.139072	1433	42000	true	true
"xc7s25 t06 e003 r0.1 R0.5 d10.0 D50.0 s088"	6	7	80.616614	80.616614	3219	42000	true	true
"xc7s25 t06 e003 r0.1 R0.5 d10.0 D50.0 s089"	6	7	67.215640	67.215640	2558	47000	true	true
"xc7s25 t06 e003 r0.1 R0.5 d10.0 D50.0 s053"	6	7	82.881698	118.810194	2163	45000	false	false
"xc7s25 t06 e003 r0.1 R0.5 d10.0 D50.0 s052"	6	6	64.958951	64.958951	1533	44000	true	true
"xc7s25 t06 e003 r0.1 R0.5 d10.0 D50.0 s067"	6	6	69.860400	80.927507	2398	46000	false	false
"xc7s25 t06 e003 r0.1 R0.5 d10.0 D50.0 s066"	6	5	90.224673	90.224674	2259	43000	true	true
"xc7s25 t06 e003 r0.1 R0.5 d10.0 D50.0 s059"	6	6	104.348374	104.348374	1791	45000	true	true
"xc7s25 t06 e003 r0.1 R0.5 d10.0 D50.0 s058"	6	7	71.864480	71.864480	2284	41000	true	true
"xc7s25 t06 e003 r0.1 R0.5 d10.0 D50.0 s010"	6	7	79.957908	107.072567	3641	46000	false	false
"xc7s25 t06 e003 r0.1 R0.5 d10.0 D50.0 s011"	6	7	77.211133	77.211133	994	45000	true	true
"xc7s25 t06 e003 r0.1 R0.5 d10.0 D50.0 s082"	6	6	74.406271	74.406271	2573	41000	true	true
"xc7s25 t06 e003 r0.1 R0.5 d10.0 D50.0 s083"	6	7	85.809234	116.118471	2125	46000	false	false
"xc7s25 t06 e003 r0.1 R0.5 d10.0 D50.0 s033"	6	6	115.015403	115.015402	3813	41000	true	true
"xc7s25 t06 e003 r0.1 R0.5 d10.0 D50.0 s032"	6	6	79.183099	79.183100	2266	41000	true	true
"xc7s25 t06 e003 r0.1 R0.5 d10.0 D50.0 s044"	6	6	94.465163	94.465162	2641	47000	true	true
"xc7s25 t06 e003 r0.1 R0.5 d10.0 D50.0 s045"	6	6	69.830206	69.830206	2408	45000	true	true
"xc7s25 t06 e003 r0.1 R0.5 d10.0 D50.0 s039"	6	7	66.390657	102.189427	1431	41000	false	false
"xc7s25 t06 e003 r0.1 R0.5 d10.0 D50.0 s038"	6	7	83.871672	116.647102	2784	46000	false	false
"xc7s25 t06 e003 r0.1 R0.5 d10.0 D50.0 s070"	6	6	99.777844	124.350840	2639	42000	false	false
"xc7s25 t06 e003 r0.1 R0.5 d10.0 D50.0 s071"	6	7	75.945163	75.945164	3178	42000	true	true
"xc7s25 t06 e003 r0.1 R0.5 d10.0 D50.0 s095"	6	6	83.060948	83.060949	5103	42000	true	true
"xc7s25 t06 e003 r0.1 R0.5 d10.0 D50.0 s094"	6	7	59.926856	59.926855	3033	46000	true	true
"xc7s25 t06 e003 r0.1 R0.5 d10.0 D50.0 s007"	6	6	57.898168	57.898169	2297	44000	true	true
"xc7s25 t06 e003 r0.1 R0.5 d10.0 D50.0 s006"	6	6	117.133805	117.133805	2738	44000	true	true
"xc7s25 t06 e003 r0.1 R0.5 d10.0 D50.0 s063"	6	7	79.059407	79.059407	2717	46000	true	true
"xc7s25 t06 e003 r0.1 R0.5 d10.0 D50.0 s062"	6	7	114.172294	114.172294	2692	44000	true	true
"xc7s25 t06 e003 r0.1 R0.5 d10.0 D50.0 s086"	6	7	83.580385	87.580848	2708	45000	false	false
"xc7s25 t06 e003 r0.1 R0.5 d10.0 D50.0 s087"	6	7	67.763936	67.763936	4081	43000	true	true
"xc7s25 t06 e003 r0.1 R0.5 d10.0 D50.0 s014"	6	7	74.016085	74.016085	2815	44000	false	true
"xc7s25 t06 e003 r0.1 R0.5 d10.0 D50.0 s015"	6	7	117.852211	117.852212	3542	43000	true	true
"xc7s25 t06 e003 r0.1 R0.5 d10.0 D50.0 s020"	6	7	93.835425	93.835425	2873	44000	true	true
"xc7s25 t06 e003 r0.1 R0.5 d10.0 D50.0 s021"	6	7	108.005629	133.480268	2666	46000	false	false
"xc7s25 t06 e003 r0.1 R0.5 d10.0 D50.0 s069"	6	7	54.014965	59.790346	2901	46000	false	false
"xc7s25 t06 e003 r0.1 R0.5 d10.0 D50.0 s068"	6	7	64.776790	71.267723	4284	47000	false	false
"xc7s25 t06 e003 r0.1 R0.5 d10.0 D50.0 s057"	6	7	58.787892	58.892759	1456	47000	false	false
"xc7s25 t06 e003 r0.1 R0.5 d10.0 D50.0 s056"	6	6	117.952593	117.952593	2597	42000	true	true
"xc7s25 t06 e003 r0.1 R0.5 d10.0 D50.0 s074"	6	6	114.369609	114.369609	1675	46000	true	true
"xc7s25 t06 e003 r0.1 R0.5 d10.0 D50.0 s075"	6	6	78.007448	104.265226	1815	44000	false	false
"xc7s25 t06 e003 r0.1 R0.5 d10.0 D50.0 s003"	6	6	108.691650	108.691649	4272	45000	true	true
"xc7s25 t06 e003 r0.1 R0.5 d10.0 D50.0 s002"	6	7	77.283047	77.283047	3325	42000	true	true
"xc7s25 t06 e003 r0.1 R0.5 d10.0 D50.0 s091"	6	7	79.875766	79.875766	2270	42000	true	true
"xc7s25 t06 e003 r0.1 R0.5 d10.0 D50.0 s090"	6	7	100.538140	109.560431	2378	42000	false	false
"xc7s25 t06 e003 r0.1 R0.5 d10.0 D50.0 s037"	6	6	92.636872	118.669678	2315	43000	false	false
"xc7s25 t06 e003 r0.1 R0.5 d10.0 D50.0 s036"	6	7	76.117603	76.117603	1071	42000	true	true
"xc7s25 t06 e003 r0.1 R0.5 d10.0 D50.0 s040"	6	7	73.691966	73.691966	1054	53000	true	true
"xc7s25 t06 e003 r0.1 R0.5 d10.0 D50.0 s041"	6	6	85.778683	85.778683	2330	45000	true	true
"xc7s25 t06 e003 r0.1 R0.5 d10.0 D50.0 s100"	6	7	98.624230	125.310452	3990	48000	false	false
"xc7s25 t06 e003 r0.1 R0.5 d10.0 D50.0 s009"	6	6	127.965377	146.591356	1491	41000	false	false
"xc7s25 t06 e003 r0.1 R0.5 d10.0 D50.0 s008"	6	5	160.021715	160.021715	3074	42000	true	true
"xc7s25 t06 e003 r0.1 R0.5 d10.0 D50.0 s073"	6	7	92.591155	92.591155	3571	41000	true	true
"xc7s25 t06 e003 r0.1 R0.5 d10.0 D50.0 s072"	6	6	122.822097	126.280624	3354	42000	false	false
"xc7s25 t06 e003 r0.1 R0.5 d10.0 D50.0 s096"	6	7	43.943859	43.943859	8118	42000	true	true
"xc7s25 t06 e003 r0.1 R0.5 d10.0 D50.0 s097"	6	6	57.091398	57.091398	2507	46000	true	true
"xc7s25 t06 e003 r0.1 R0.5 d10.0 D50.0 s004"	6	7	127.187871	170.691322	3817	43000	false	false
"xc7s25 t06 e003 r0.1 R0.5 d10.0 D50.0 s005"	6	6	74.362225	107.173328	3822	44000	false	false
"xc7s25 t06 e003 r0.1 R0.5 d10.0 D50.0 s079"	6	7	65.988425	82.225208	1622	41000	false	false
"xc7s25 t06 e003 r0.1 R0.5 d10.0 D50.0 s078"	6	7	47.512994	60.741284	2746	46000	false	false
"xc7s25 t06 e003 r0.1 R0.5 d10.0 D50.0 s030"	6	7	63.445218	63.445217	2226	42000	true	true
"xc7s25 t06 e003 r0.1 R0.5 d10.0 D50.0 s031"	6	7	81.313470	113.623717	2122	46000	false	false
"xc7s25 t06 e003 r0.1 R0.5 d10.0 D50.0 s047"	6	6	109.652843	109.652844	2387	45000	true	true
"xc7s25 t06 e003 r0.1 R0.5 d10.0 D50.0 s046"	6	5	144.187296	144.187296	2049	42000	true	true
"xc7s25 t06 e003 r0.1 R0.5 d10.0 D50.0 s064"	6	7	68.934098	78.813276	2854	45000	false	false
"xc7s25 t06 e003 r0.1 R0.5 d10.0 D50.0 s065"	6	6	99.406695	99.406695	2486	44000	true	true
"xc7s25 t06 e003 r0.1 R0.5 d10.0 D50.0 s013"	6	7	88.059731	116.653017	3086	46000	false	false
"xc7s25 t06 e003 r0.1 R0.5 d10.0 D50.0 s012"	6	7	57.559249	57.559249	1513	40000	true	true
"xc7s25 t06 e003 r0.1 R0.5 d10.0 D50.0 s081"	6	6	89.351694	89.351695	2343	41000	true	true
"xc7s25 t06 e003 r0.1 R0.5 d10.0 D50.0 s080"	6	6	106.696192	106.696192	2544	42000	true	true
"xc7s25 t06 e003 r0.1 R0.5 d10.0 D50.0 s027"	6	7	73.561918	73.561918	2142	45000	true	true
"xc7s25 t06 e003 r0.1 R0.5 d10.0 D50.0 s026"	6	6	98.475876	134.269170	2852	45000	false	false
"xc7s25 t06 e003 r0.1 R0.5 d10.0 D50.0 s019"	6	7	90.703149	90.703150	1413	43000	true	true
"xc7s25 t06 e003 r0.1 R0.5 d10.0 D50.0 s018"	6	7	82.299718	102.091380	1942	41000	false	false
"xc7s25 t06 e003 r0.1 R0.5 d10.0 D50.0 s050"	6	7	96.222283	96.222283	3342	42000	true	true
"xc7s25 t06 e003 r0.1 R0.5 d10.0 D50.0 s051"	6	6	104.698071	104.698072	2573	46000	true	true
"xc7s25 t06 e004 r0.1 R0.5 d10.0 D50.0 s034"	6	6	134.830029	134.830029	2682	43000	true	true
"xc7s25 t06 e004 r0.1 R0.5 d10.0 D50.0 s035"	6	7	87.276700	87.276701	2009	45000	false	true
"xc7s25 t06 e004 r0.1 R0.5 d10.0 D50.0 s043"	6	7	88.689480	88.689480	1361	46000	false	true
"xc7s25 t06 e004 r0.1 R0.5 d10.0 D50.0 s042"	6	6	148.131668	148.131669	1703	45000	true	true
"xc7s25 t06 e004 r0.1 R0.5 d10.0 D50.0 s098"	6	6	103.649375	103.649375	2661	40000	true	true
"xc7s25 t06 e004 r0.1 R0.5 d10.0 D50.0 s099"	6	6	119.099862	119.099862	2178	42000	true	true
"xc7s25 t06 e004 r0.1 R0.5 d10.0 D50.0 s077"	6	6	61.210171	76.249101	2759	46000	false	false
"xc7s25 t06 e004 r0.1 R0.5 d10.0 D50.0 s076"	6	7	89.564666	89.564666	3054	42000	true	true
"xc7s25 t06 e004 r0.1 R0.5 d10.0 D50.0 s001"	6	7	79.882594	79.882594	11252	46000	true	true
"xc7s25 t06 e004 r0.1 R0.5 d10.0 D50.0 s092"	6	6	106.186916	106.186916	2267	44000	true	true
"xc7s25 t06 e004 r0.1 R0.5 d10.0 D50.0 s093"	6	6	110.340598	110.340598	1772	45000	true	true
"xc7s25 t06 e004 r0.1 R0.5 d10.0 D50.0 s049"	6	7	118.814774	118.814774	1123	45000	true	true
"xc7s25 t06 e004 r0.1 R0.5 d10.0 D50.0 s048"	6	7	76.391885	76.391886	1475	45000	true	true
"xc7s25 t06 e004 r0.1 R0.5 d10.0 D50.0 s023"	6	7	103.648435	103.648435	2258	41000	true	true
"xc7s25 t06 e004 r0.1 R0.5 d10.0 D50.0 s022"	6	7	98.516168	98.516168	3787	43000	true	true
"xc7s25 t06 e004 r0.1 R0.5 d10.0 D50.0 s054"	6	7	59.392413	59.392413	2530	42000	true	true
"xc7s25 t06 e004 r0.1 R0.5 d10.0 D50.0 s055"	6	7	107.409018	127.888769	1919	41000	false	false
"xc7s25 t06 e004 r0.1 R0.5 d10.0 D50.0 s060"	6	6	118.426518	118.426518	1440	46000	true	true
"xc7s25 t06 e004 r0.1 R0.5 d10.0 D50.0 s061"	6	7	99.834186	147.957600	2487	48000	false	false
"xc7s25 t06 e004 r0.1 R0.5 d10.0 D50.0 s029"	6	7	75.001968	75.001967	1558	46000	true	true
"xc7s25 t06 e004 r0.1 R0.5 d10.0 D50.0 s028"	6	7	98.177679	98.177679	2426	43000	false	true
"xc7s25 t06 e004 r0.1 R0.5 d10.0 D50.0 s085"	6	7	64.749817	85.631035	1867	46000	false	false
"xc7s25 t06 e004 r0.1 R0.5 d10.0 D50.0 s084"	6	6	144.832562	144.832562	4611	42000	false	true
"xc7s25 t06 e004 r0.1 R0.5 d10.0 D50.0 s017"	6	7	81.482780	81.482781	3338	42000	true	true
"xc7s25 t06 e004 r0.1 R0.5 d10.0 D50.0 s016"	6	7	96.759176	130.640039	3614	42000	false	false
"xc7s25 t06 e004 r0.1 R0.5 d10.0 D50.0 s024"	6	7	72.857349	72.857350	3064	46000	true	true
"xc7s25 t06 e004 r0.1 R0.5 d10.0 D50.0 s025"	6	7	102.767904	127.673237	2703	42000	false	false
"xc7s25 t06 e004 r0.1 R0.5 d10.0 D50.0 s088"	6	7	80.616614	80.616614	2445	45000	true	true
"xc7s25 t06 e004 r0.1 R0.5 d10.0 D50.0 s089"	6	8	67.215640	67.215640	1713	46000	true	true
"xc7s25 t06 e004 r0.1 R0.5 d10.0 D50.0 s053"	6	7	82.881698	118.810194	1771	46000	false	false
"xc7s25 t06 e004 r0.1 R0.5 d10.0 D50.0 s052"	6	6	89.603469	89.603469	2543	45000	true	true
"xc7s25 t06 e004 r0.1 R0.5 d10.0 D50.0 s067"	6	6	69.860400	94.877229	2321	46000	false	false
"xc7s25 t06 e004 r0.1 R0.5 d10.0 D50.0 s066"	6	6	90.224673	90.224674	2260	43000	true	true
"xc7s25 t06 e004 r0.1 R0.5 d10.0 D50.0 s059"	6	7	104.348374	104.348374	2552	46000	true	true
"xc7s25 t06 e004 r0.1 R0.5 d10.0 D50.0 s058"	6	7	71.864480	71.864480	3264	46000	true	true
"xc7s25 t06 e004 r0.1 R0.5 d10.0 D50.0 s010"	6	7	92.602195	119.716854	1978	46000	false	false
"xc7s25 t06 e004 r0.1 R0.5 d10.0 D50.0 s011"	6	7	88.035120	88.035120	1081	45000	true	true
"xc7s25 t06 e004 r0.1 R0.5 d10.0 D50.0 s082"	6	6	89.326195	89.326195	1925	45000	true	true
"xc7s25 t06 e004 r0.1 R0.5 d10.0 D50.0 s083"	6	8	85.809234	116.118471	1462	42000	false	false
"xc7s25 t06 e004 r0.1 R0.5 d10.0 D50.0 s033"	6	6	115.055403	134.570017	4306	44000	false	false
"xc7s25 t06 e004 r0.1 R0.5 d10.0 D50.0 s032"	6	7	79.183099	79.183100	2860	46000	true	true
"xc7s25 t06 e004 r0.1 R0.5 d10.0 D50.0 s044"	6	6	137.532394	137.532394	3969	42000	true	true
"xc7s25 t06 e004 r0.1 R0.5 d10.0 D50.0 s045"	6	6	101.446027	101.446027	2988	45000	true	true
"xc7s25 t06 e004 r0.1 R0.5 d10.0 D50.0 s039"	6	7	77.906948	102.189427	2491	47000	false	false
"xc7s25 t06 e004 r0.1 R0.5 d10.0 D50.0 s038"	6	6	133.876819	133.876820	3600	40000	true	true
"xc7s25 t06 e004 r0.1 R0.5 d10.0 D50.0 s070"	6	7	99.777844	99.777844	2206	46000	true	true
"xc7s25 t06 e004 r0.1 R0.5 d10.0 D50.0 s071"	6	7	86.384068	86.384068	1709	41000	true	true
"xc7s25 t06 e004 r0.1 R0.5 d10.0 D50.0 s095"	6	7	83.060948	83.060949	2840	46000	true	true
"xc7s25 t06 e004 r0.1 R0.5 d10.0 D50.0 s094"	6	7	81.063711	81.063710	2860	43000	true	true
"xc7s25 t06 e004 r0.1 R0.5 d10.0 D50.0 s007"	6	7	57.898168	57.898169	2109	43000	true	true
"xc7s25 t06 e004 r0.1 R0.5 d10.0 D50.0 s006"	6	7	117.133805	117.133805	2051	46000	true	true
"xc7s25 t06 e004 r0.1 R0.5 d10.0 D50.0 s063"	6	7	95.509355	95.509355	3386	42000	true	true
"xc7s25 t06 e004 r0.1 R0.5 d10.0 D50.0 s062"	6	6	127.162489	127.162489	2776	40000	true	true
"xc7s25 t06 e004 r0.1 R0.5 d10.0 D50.0 s086"	6	7	100.137116	100.137116	2487	42000	true	true
"xc7s25 t06 e004 r0.1 R0.5 d10.0 D50.0 s087"	6	7	67.763936	76.300476	3283	42000	false	false
"xc7s25 t06 e004 r0.1 R0.5 d10.0 D50.0 s014"	6	7	74.016085	74.016085	2505	46000	false	true
"xc7s25 t06 e004 r0.1 R0.5 d10.0 D50.0 s015"	6	7	117.852211	117.852212	2562	41000	true	true
"xc7s25 t06 e004 r0.1 R0.5 d10.0 D50.0 s020"	6	7	93.835425	93.835425	2567	42000	true	true
"xc7s25 t06 e004 r0.1 R0.5 d10.0 D50.0 s021"	6	7	108.005629	133.480268	1694	45000	false	false
"xc7s25 t06 e004 r0.1 R0.5 d10.0 D50.0 s069"	6	7	59.127478	59.790346	1948	45000	false	false
"xc7s25 t06 e004 r0.1 R0.5 d10.0 D50.0 s068"	6	7	64.776790	71.267723	4337	44000	false	false
"xc7s25 t06 e004 r0.1 R0.5 d10.0 D50.0 s057"	6	7	58.787892	72.135211	2064	41000	false	false
"xc7s25 t06 e004 r0.1 R0.5 d10.0 D50.0 s056"	6	6	117.952593	117.952593	2645	45000	true	true
"xc7s25 t06 e004 r0.1 R0.5 d10.0 D50.0 s074"	6	7	114.369609	114.369609	1749	42000	true	true
"xc7s25 t06 e004 r0.1 R0.5 d10.0 D50.0 s075"	6	6	78.007448	104.265226	2042	41000	false	false
"xc7s25 t06 e004 r0.1 R0.5 d10.0 D50.0 s003"	6	7	108.691650	108.691649	3376	46000	true	true
"xc7s25 t06 e004 r0.1 R0.5 d10.0 D50.0 s002"	6	6	127.198901	127.198901	8631	41000	true	true
"xc7s25 t06 e004 r0.1 R0.5 d10.0 D50.0 s091"	6	8	79.875766	91.095012	2630	46000	false	false
"xc7s25 t06 e004 r0.1 R0.5 d10.0 D50.0 s090"	6	7	100.538140	100.538140	2843	46000	true	true
"xc7s25 t06 e004 r0.1 R0.5 d10.0 D50.0 s037"	6	6	118.669678	118.669678	2338	42000	true	true
"xc7s25 t06 e004 r0.1 R0.5 d10.0 D50.0 s036"	6	8	76.117603	76.117603	2117	46000	true	true
"xc7s25 t06 e004 r0.1 R0.5 d10.0 D50.0 s040"	6	7	87.250264	87.250264	1591	43000	true	true
"xc7s25 t06 e004 r0.1 R0.5 d10.0 D50.0 s041"	6	7	94.110468	117.176661	2270	42000	false	false
"xc7s25 t06 e004 r0.1 R0.5 d10.0 D50.0 s100"	6	7	98.624230	125.310452	2801	45000	false	false
"xc7s25 t06 e004 r0.1 R0.5 d10.0 D50.0 s009"	6	6	128.005377	146.591356	0	45000	false	false
"xc7s25 t06 e004 r0.1 R0.5 d10.0 D50.0 s008"	6	6	160.021715	160.021715	2994	44000	true	true
"xc7s25 t06 e004 r0.1 R0.5 d10.0 D50.0 s073"	6	7	121.976349	121.976349	1790	46000	true	true
"xc7s25 t06 e004 r0.1 R0.5 d10.0 D50.0 s072"	6	6	153.332180	153.332180	2700	42000	true	true
"xc7s25 t06 e004 r0.1 R0.5 d10.0 D50.0 s096"	6	7	52.739007	58.866199	2269	45000	false	false
"xc7s25 t06 e004 r0.1 R0.5 d10.0 D50.0 s097"	6	6	72.577096	72.577096	2796	41000	true	true
"xc7s25 t06 e004 r0.1 R0.5 d10.0 D50.0 s004"	6	6	170.691321	170.691322	3690	46000	true	true
"xc7s25 t06 e004 r0.1 R0.5 d10.0 D50.0 s005"	6	6	119.892966	119.892966	3505	46000	false	true
"xc7s25 t06 e004 r0.1 R0.5 d10.0 D50.0 s079"	6	7	82.225208	82.225208	2969	43000	true	true
"xc7s25 t06 e004 r0.1 R0.5 d10.0 D50.0 s078"	6	7	61.010356	61.010357	2441	43000	false	true
"xc7s25 t06 e004 r0.1 R0.5 d10.0 D50.0 s030"	6	7	63.445218	63.445217	2334	42000	true	true
"xc7s25 t06 e004 r0.1 R0.5 d10.0 D50.0 s031"	6	7	113.623717	113.623717	1962	46000	true	true
"xc7s25 t06 e004 r0.1 R0.5 d10.0 D50.0 s047"	6	6	129.951764	129.951764	3651	42000	false	true
"xc7s25 t06 e004 r0.1 R0.5 d10.0 D50.0 s046"	6	6	144.187296	144.187296	2126	42000	true	true
"xc7s25 t06 e004 r0.1 R0.5 d10.0 D50.0 s064"	6	7	68.934098	96.984323	1989	45000	false	false
"xc7s25 t06 e004 r0.1 R0.5 d10.0 D50.0 s065"	6	7	99.406695	99.406695	2477	46000	true	true
"xc7s25 t06 e004 r0.1 R0.5 d10.0 D50.0 s013"	6	7	88.059731	116.653017	2110	46000	false	false
"xc7s25 t06 e004 r0.1 R0.5 d10.0 D50.0 s012"	6	7	76.951383	76.951383	1836	46000	true	true
"xc7s25 t06 e004 r0.1 R0.5 d10.0 D50.0 s081"	6	7	89.351694	89.351695	2408	46000	true	true
"xc7s25 t06 e004 r0.1 R0.5 d10.0 D50.0 s080"	6	7	106.696192	106.696192	2499	41000	true	true
"xc7s25 t06 e004 r0.1 R0.5 d10.0 D50.0 s027"	6	7	102.463729	129.286416	2500	41000	false	false
"xc7s25 t06 e004 r0.1 R0.5 d10.0 D50.0 s026"	6	7	98.475876	134.269170	2879	46000	false	false
"xc7s25 t06 e004 r0.1 R0.5 d10.0 D50.0 s019"	6	7	134.058158	134.058158	1528	41000	true	true
"xc7s25 t06 e004 r0.1 R0.5 d10.0 D50.0 s018"	6	8	82.299718	102.091380	1919	47000	false	false
"xc7s25 t06 e004 r0.1 R0.5 d10.0 D50.0 s050"	6	7	96.222283	96.222283	2874	41000	true	true
"xc7s25 t06 e004 r0.1 R0.5 d10.0 D50.0 s051"	6	7	104.698071	104.698072	2619	47000	true	true

Scheduling and makespan differences	T	E	N	SchedDiff	SchedMkspDiff	MinMkspDiff	MaxMkspDiff	AvgMkspDiff	StdMkspDiff
	6	5	4	0	0	0.000000	0.000000	0.000000	0.000000
	6	6	110	41	34	2.815883	57.960343	25.966494	13.259818
	6	7	350	174	152	0.178381	72.810656	29.124562	14.176720
	6	8	236	90	12	11.337580	45.950677	26.846695	10.604234

Timing differences	T	E	N	MinMipTime	MaxMipTime	AvgMipTime	StdMipTime	Minheft-nfTime	Maxheft-nfTime	Avgheft-nfTime	Stdheft-nfTime
	6	5	4	2049.000000	3074.000000	2410.000000	392.785565	42000.000000	47000.000000	43500.000000	2061.552813
	6	6	110	2126.000000	34533.000000	8650.909091	8683.570002	40000.000000	47000.000000	43654.545455	1983.735520
	6	7	350	828.000000	51269.000000	9934.697143	9573.077868	40000.000000	53000.000000	44105.714286	2102.439788
	6	8	236	1462.000000	14050.000000	4178.690678	2711.508355	40000.000000	49000.000000	44076.271186	2095.826279
